[{"model": "admin_interface.theme", "pk": 1, "fields": {"name": "Django", "active": false, "title": "Django administration", "title_color": "#F5DD5D", "title_visible": true, "logo": "", "logo_color": "#FFFFFF", "logo_max_width": 400, "logo_max_height": 100, "logo_visible": true, "favicon": "", "env_name": "", "env_color": "#E74C3C", "env_visible_in_header": true, "env_visible_in_favicon": true, "language_chooser_active": true, "language_chooser_control": "default-select", "language_chooser_display": "code", "css_header_background_color": "#0C4B33", "css_header_text_color": "#44B78B", "css_header_link_color": "#FFFFFF", "css_header_link_hover_color": "#C9F0DD", "css_module_background_color": "#44B78B", "css_module_background_selected_color": "#FFFFCC", "css_module_text_color": "#FFFFFF", "css_module_link_color": "#FFFFFF", "css_module_link_selected_color": "#FFFFFF", "css_module_link_hover_color": "#C9F0DD", "css_module_rounded_corners": true, "css_generic_link_color": "#0C3C26", "css_generic_link_hover_color": "#156641", "css_generic_link_active_color": "#29B864", "css_save_button_background_color": "#0C4B33", "css_save_button_background_hover_color": "#0C3C26", "css_save_button_text_color": "#FFFFFF", "css_delete_button_background_color": "#BA2121", "css_delete_button_background_hover_color": "#A41515", "css_delete_button_text_color": "#FFFFFF", "related_modal_active": true, "related_modal_background_color": "#000000", "related_modal_background_opacity": "0.2", "related_modal_rounded_corners": true, "related_modal_close_button_visible": true, "list_filter_highlight": true, "list_filter_dropdown": false, "list_filter_sticky": true, "list_filter_removal_links": false, "foldable_apps": true, "show_fieldsets_as_tabs": false, "show_inlines_as_tabs": false, "collapsible_stacked_inlines": false, "collapsible_stacked_inlines_collapsed": true, "collapsible_tabular_inlines": false, "collapsible_tabular_inlines_collapsed": true, "recent_actions_visible": true, "form_submit_sticky": false, "form_pagination_sticky": false}}, {"model": "admin_interface.theme", "pk": 2, "fields": {"name": "Bootstrap", "active": false, "title": "Django administration", "title_color": "#503873", "title_visible": false, "logo": "", "logo_color": "#503873", "logo_max_width": 400, "logo_max_height": 100, "logo_visible": true, "favicon": "", "env_name": "", "env_color": "#E74C3C", "env_visible_in_header": true, "env_visible_in_favicon": true, "language_chooser_active": true, "language_chooser_control": "default-select", "language_chooser_display": "code", "css_header_background_color": "#FFFFFF", "css_header_text_color": "#463265", "css_header_link_color": "#463265", "css_header_link_hover_color": "#7351A6", "css_module_background_color": "#7351A6", "css_module_background_selected_color": "#FFFFCC", "css_module_text_color": "#FFFFFF", "css_module_link_color": "#CDBFE3", "css_module_link_selected_color": "#FFFFFF", "css_module_link_hover_color": "#FFFFFF", "css_module_rounded_corners": true, "css_generic_link_color": "#463265", "css_generic_link_hover_color": "#7351A6", "css_generic_link_active_color": "#29B864", "css_save_button_background_color": "#5CB85C", "css_save_button_background_hover_color": "#449D44", "css_save_button_text_color": "#FFFFFF", "css_delete_button_background_color": "#D9534F", "css_delete_button_background_hover_color": "#C9302C", "css_delete_button_text_color": "#FFFFFF", "related_modal_active": true, "related_modal_background_color": "#503873", "related_modal_background_opacity": "0.2", "related_modal_rounded_corners": true, "related_modal_close_button_visible": true, "list_filter_highlight": true, "list_filter_dropdown": false, "list_filter_sticky": true, "list_filter_removal_links": false, "foldable_apps": true, "show_fieldsets_as_tabs": false, "show_inlines_as_tabs": false, "collapsible_stacked_inlines": false, "collapsible_stacked_inlines_collapsed": true, "collapsible_tabular_inlines": false, "collapsible_tabular_inlines_collapsed": true, "recent_actions_visible": true, "form_submit_sticky": false, "form_pagination_sticky": false}}, {"model": "admin_interface.theme", "pk": 3, "fields": {"name": "Foundation", "active": false, "title": "Django administration", "title_color": "#DDDDDD", "title_visible": false, "logo": "", "logo_color": "#CCCCCC", "logo_max_width": 400, "logo_max_height": 100, "logo_visible": true, "favicon": "", "env_name": "", "env_color": "#E74C3C", "env_visible_in_header": true, "env_visible_in_favicon": true, "language_chooser_active": true, "language_chooser_control": "default-select", "language_chooser_display": "code", "css_header_background_color": "#2C3840", "css_header_text_color": "#FFFFFF", "css_header_link_color": "#FFFFFF", "css_header_link_hover_color": "#DDDDDD", "css_module_background_color": "#074E68", "css_module_background_selected_color": "#FFFFCC", "css_module_text_color": "#FFFFFF", "css_module_link_color": "#FFFFFF", "css_module_link_selected_color": "#FFFFFF", "css_module_link_hover_color": "#DDDDDD", "css_module_rounded_corners": true, "css_generic_link_color": "#000000", "css_generic_link_hover_color": "#074E68", "css_generic_link_active_color": "#29B864", "css_save_button_background_color": "#2199E8", "css_save_button_background_hover_color": "#1585CF", "css_save_button_text_color": "#FFFFFF", "css_delete_button_background_color": "#CC4B37", "css_delete_button_background_hover_color": "#BF4634", "css_delete_button_text_color": "#FFFFFF", "related_modal_active": true, "related_modal_background_color": "#000000", "related_modal_background_opacity": "0.2", "related_modal_rounded_corners": true, "related_modal_close_button_visible": true, "list_filter_highlight": true, "list_filter_dropdown": false, "list_filter_sticky": true, "list_filter_removal_links": false, "foldable_apps": true, "show_fieldsets_as_tabs": false, "show_inlines_as_tabs": false, "collapsible_stacked_inlines": false, "collapsible_stacked_inlines_collapsed": true, "collapsible_tabular_inlines": false, "collapsible_tabular_inlines_collapsed": true, "recent_actions_visible": true, "form_submit_sticky": false, "form_pagination_sticky": false}}, {"model": "admin_interface.theme", "pk": 4, "fields": {"name": "USWDS", "active": true, "title": "Django administration", "title_color": "#FFFFFF", "title_visible": false, "logo": "admin-interface/logo/logo-light.svg", "logo_color": "#FFFFFF", "logo_max_width": 400, "logo_max_height": 100, "logo_visible": true, "favicon": "", "env_name": "Nest shop", "env_color": "#E74C3C", "env_visible_in_header": true, "env_visible_in_favicon": true, "language_chooser_active": true, "language_chooser_control": "default-select", "language_chooser_display": "code", "css_header_background_color": "#112E51", "css_header_text_color": "#FFFFFF", "css_header_link_color": "#FFFFFF", "css_header_link_hover_color": "#E1F3F8", "css_module_background_color": "#205493", "css_module_background_selected_color": "#FFFFCC", "css_module_text_color": "#FFFFFF", "css_module_link_color": "#FFFFFF", "css_module_link_selected_color": "#FFFFFF", "css_module_link_hover_color": "#E1F3F8", "css_module_rounded_corners": true, "css_generic_link_color": "#205493", "css_generic_link_hover_color": "#0071BC", "css_generic_link_active_color": "#29B864", "css_save_button_background_color": "#205493", "css_save_button_background_hover_color": "#112E51", "css_save_button_text_color": "#FFFFFF", "css_delete_button_background_color": "#CD2026", "css_delete_button_background_hover_color": "#981B1E", "css_delete_button_text_color": "#FFFFFF", "related_modal_active": true, "related_modal_background_color": "#000000", "related_modal_background_opacity": "0.8", "related_modal_rounded_corners": true, "related_modal_close_button_visible": true, "list_filter_highlight": true, "list_filter_dropdown": false, "list_filter_sticky": true, "list_filter_removal_links": false, "foldable_apps": true, "show_fieldsets_as_tabs": false, "show_inlines_as_tabs": false, "collapsible_stacked_inlines": false, "collapsible_stacked_inlines_collapsed": true, "collapsible_tabular_inlines": false, "collapsible_tabular_inlines_collapsed": true, "recent_actions_visible": true, "form_submit_sticky": false, "form_pagination_sticky": false}}, {"model": "admin.logentry", "pk": 1, "fields": {"action_time": "2023-09-18T09:43:40.907Z", "user": 1, "content_type": 6, "object_id": "1", "object_repr": "mina@gmail.com", "action_flag": 2, "change_message": "[{\"changed\": {\"fields\": [\"Phone\"]}}]"}}, {"model": "admin.logentry", "pk": 2, "fields": {"action_time": "2023-09-18T09:43:59.301Z", "user": 1, "content_type": 6, "object_id": "1", "object_repr": "mina@gmail.com", "action_flag": 2, "change_message": "[]"}}, {"model": "admin.logentry", "pk": 3, "fields": {"action_time": "2023-09-18T09:45:08.941Z", "user": 1, "content_type": 6, "object_id": "2", "object_repr": "bita@gmail.com", "action_flag": 1, "change_message": "[{\"added\": {}}]"}}, {"model": "admin.logentry", "pk": 4, "fields": {"action_time": "2023-09-18T10:28:54.335Z", "user": 1, "content_type": 6, "object_id": "3", "object_repr": "hossein@gmail.com", "action_flag": 1, "change_message": "[{\"added\": {}}]"}}, {"model": "admin.logentry", "pk": 5, "fields": {"action_time": "2023-09-19T14:48:39.061Z", "user": 1, "content_type": 6, "object_id": "6", "object_repr": "nilofar@yahoo.com", "action_flag": 3, "change_message": ""}}, {"model": "admin.logentry", "pk": 6, "fields": {"action_time": "2023-09-19T14:48:39.191Z", "user": 1, "content_type": 6, "object_id": "5", "object_repr": "nabi@gmail.com", "action_flag": 3, "change_message": ""}}, {"model": "admin.logentry", "pk": 7, "fields": {"action_time": "2023-09-19T14:48:39.324Z", "user": 1, "content_type": 6, "object_id": "4", "object_repr": "fatemeh@gmail.com", "action_flag": 3, "change_message": ""}}, {"model": "admin.logentry", "pk": 8, "fields": {"action_time": "2023-09-19T14:48:39.454Z", "user": 1, "content_type": 6, "object_id": "3", "object_repr": "hossein@gmail.com", "action_flag": 3, "change_message": ""}}, {"model": "admin.logentry", "pk": 9, "fields": {"action_time": "2023-09-19T14:48:39.591Z", "user": 1, "content_type": 6, "object_id": "2", "object_repr": "bita@gmail.com", "action_flag": 3, "change_message": ""}}, {"model": "admin.logentry", "pk": 10, "fields": {"action_time": "2023-09-23T12:12:14.244Z", "user": 1, "content_type": 13, "object_id": "1", "object_repr": "food", "action_flag": 1, "change_message": "[{\"added\": {}}]"}}, {"model": "admin.logentry", "pk": 11, "fields": {"action_time": "2023-09-23T12:15:00.491Z", "user": 1, "content_type": 8, "object_id": "1", "object_repr": "skin care", "action_flag": 1, "change_message": "[{\"added\": {}}]"}}, {"model": "admin.logentry", "pk": 12, "fields": {"action_time": "2023-09-23T12:15:10.481Z", "user": 1, "content_type": 8, "object_id": "2", "object_repr": "skin routine", "action_flag": 1, "change_message": "[{\"added\": {}}]"}}, {"model": "admin.logentry", "pk": 13, "fields": {"action_time": "2023-09-23T12:17:24.599Z", "user": 1, "content_type": 14, "object_id": "1", "object_repr": "Vitamin C face serum", "action_flag": 1, "change_message": "[{\"added\": {}}]"}}, {"model": "admin.logentry", "pk": 14, "fields": {"action_time": "2023-09-23T12:23:47.662Z", "user": 1, "content_type": 14, "object_id": "1", "object_repr": "Vitamin C face serum", "action_flag": 2, "change_message": "[{\"added\": {\"name\": \"product images\", \"object\": \"ProductImages object (1)\"}}, {\"added\": {\"name\": \"product images\", \"object\": \"ProductImages object (2)\"}}, {\"added\": {\"name\": \"product images\", \"object\": \"ProductImages object (3)\"}}, {\"added\": {\"name\": \"product images\", \"object\": \"ProductImages object (4)\"}}]"}}, {"model": "admin.logentry", "pk": 15, "fields": {"action_time": "2023-09-23T12:24:05.686Z", "user": 1, "content_type": 14, "object_id": "1", "object_repr": "Vitamin C face serum", "action_flag": 2, "change_message": "[{\"changed\": {\"fields\": [\"Tags\"]}}]"}}, {"model": "admin.logentry", "pk": 16, "fields": {"action_time": "2023-09-23T12:28:00.826Z", "user": 1, "content_type": 16, "object_id": "1", "object_repr": "Vitamin C face serum", "action_flag": 1, "change_message": "[{\"added\": {}}]"}}, {"model": "admin.logentry", "pk": 17, "fields": {"action_time": "2023-09-25T08:08:29.785Z", "user": 1, "content_type": 9, "object_id": "1", "object_repr": "Mina's Shop", "action_flag": 1, "change_message": "[{\"added\": {}}]"}}, {"model": "admin.logentry", "pk": 18, "fields": {"action_time": "2023-09-25T08:09:10.203Z", "user": 1, "content_type": 14, "object_id": "1", "object_repr": "Vitamin C face serum", "action_flag": 2, "change_message": "[{\"changed\": {\"fields\": [\"Vendor\", \"Price\", \"Old price\"]}}]"}}, {"model": "admin.logentry", "pk": 19, "fields": {"action_time": "2023-09-25T08:09:20.439Z", "user": 1, "content_type": 14, "object_id": "1", "object_repr": "Vitamin C face serum", "action_flag": 2, "change_message": "[]"}}, {"model": "admin.logentry", "pk": 20, "fields": {"action_time": "2023-09-25T08:10:02.419Z", "user": 1, "content_type": 13, "object_id": "2", "object_repr": "fruit", "action_flag": 1, "change_message": "[{\"added\": {}}]"}}, {"model": "admin.logentry", "pk": 21, "fields": {"action_time": "2023-09-25T08:11:34.037Z", "user": 1, "content_type": 8, "object_id": "3", "object_repr": "fresh fruit", "action_flag": 1, "change_message": "[{\"added\": {}}]"}}, {"model": "admin.logentry", "pk": 22, "fields": {"action_time": "2023-09-25T08:11:48.936Z", "user": 1, "content_type": 14, "object_id": "2", "object_repr": "Fresh Banana", "action_flag": 1, "change_message": "[{\"added\": {}}]"}}, {"model": "admin.logentry", "pk": 23, "fields": {"action_time": "2023-09-25T08:13:23.220Z", "user": 1, "content_type": 8, "object_id": "4", "object_repr": "fast food", "action_flag": 1, "change_message": "[{\"added\": {}}]"}}, {"model": "admin.logentry", "pk": 24, "fields": {"action_time": "2023-09-25T08:13:33.336Z", "user": 1, "content_type": 14, "object_id": "3", "object_repr": "Giant Hamburger", "action_flag": 1, "change_message": "[{\"added\": {}}]"}}, {"model": "admin.logentry", "pk": 25, "fields": {"action_time": "2023-09-25T08:31:37.552Z", "user": 1, "content_type": 14, "object_id": "1", "object_repr": "Vitamin C face serum", "action_flag": 2, "change_message": "[{\"changed\": {\"fields\": [\"Price\", \"Old price\"]}}]"}}, {"model": "admin.logentry", "pk": 26, "fields": {"action_time": "2023-09-25T08:42:38.694Z", "user": 1, "content_type": 14, "object_id": "3", "object_repr": "Peanut", "action_flag": 2, "change_message": "[{\"changed\": {\"fields\": [\"Title\", \"Image\", \"Description\"]}}]"}}, {"model": "admin.logentry", "pk": 27, "fields": {"action_time": "2023-09-25T08:43:47.335Z", "user": 1, "content_type": 14, "object_id": "2", "object_repr": "Fresh Coffee", "action_flag": 2, "change_message": "[{\"changed\": {\"fields\": [\"Title\", \"Image\", \"Description\"]}}]"}}, {"model": "admin.logentry", "pk": 28, "fields": {"action_time": "2023-09-25T10:39:22.267Z", "user": 1, "content_type": 13, "object_id": "2", "object_repr": "fruit", "action_flag": 3, "change_message": ""}}, {"model": "admin.logentry", "pk": 29, "fields": {"action_time": "2023-09-25T10:39:22.418Z", "user": 1, "content_type": 13, "object_id": "1", "object_repr": "food", "action_flag": 3, "change_message": ""}}, {"model": "admin.logentry", "pk": 30, "fields": {"action_time": "2023-09-25T10:41:20.848Z", "user": 1, "content_type": 13, "object_id": "3", "object_repr": "Milks and Dairies", "action_flag": 1, "change_message": "[{\"added\": {}}]"}}, {"model": "admin.logentry", "pk": 31, "fields": {"action_time": "2023-09-25T10:42:12.495Z", "user": 1, "content_type": 13, "object_id": "4", "object_repr": "Clothing and Beauty", "action_flag": 1, "change_message": "[{\"added\": {}}]"}}, {"model": "admin.logentry", "pk": 32, "fields": {"action_time": "2023-09-25T10:42:23.520Z", "user": 1, "content_type": 13, "object_id": "3", "object_repr": "Milks and Dairies", "action_flag": 2, "change_message": "[{\"changed\": {\"fields\": [\"Image\"]}}]"}}, {"model": "admin.logentry", "pk": 33, "fields": {"action_time": "2023-09-25T10:42:56.270Z", "user": 1, "content_type": 13, "object_id": "5", "object_repr": "Pet Foods and Toy", "action_flag": 1, "change_message": "[{\"added\": {}}]"}}, {"model": "admin.logentry", "pk": 34, "fields": {"action_time": "2023-09-25T10:43:35.328Z", "user": 1, "content_type": 13, "object_id": "6", "object_repr": "Baking material", "action_flag": 1, "change_message": "[{\"added\": {}}]"}}, {"model": "admin.logentry", "pk": 35, "fields": {"action_time": "2023-09-25T10:43:58.191Z", "user": 1, "content_type": 13, "object_id": "7", "object_repr": "Fresh Fruit", "action_flag": 1, "change_message": "[{\"added\": {}}]"}}, {"model": "admin.logentry", "pk": 36, "fields": {"action_time": "2023-09-25T10:44:24.111Z", "user": 1, "content_type": 13, "object_id": "8", "object_repr": "Wines and Drinks", "action_flag": 1, "change_message": "[{\"added\": {}}]"}}, {"model": "admin.logentry", "pk": 37, "fields": {"action_time": "2023-09-25T10:44:40.668Z", "user": 1, "content_type": 13, "object_id": "9", "object_repr": "Fresh Seafood", "action_flag": 1, "change_message": "[{\"added\": {}}]"}}, {"model": "admin.logentry", "pk": 38, "fields": {"action_time": "2023-09-25T10:45:52.168Z", "user": 1, "content_type": 13, "object_id": "10", "object_repr": "Fast food", "action_flag": 1, "change_message": "[{\"added\": {}}]"}}, {"model": "admin.logentry", "pk": 39, "fields": {"action_time": "2023-09-25T10:45:56.978Z", "user": 1, "content_type": 13, "object_id": "10", "object_repr": "Fast food", "action_flag": 2, "change_message": "[]"}}, {"model": "admin.logentry", "pk": 40, "fields": {"action_time": "2023-09-25T10:46:12.254Z", "user": 1, "content_type": 13, "object_id": "11", "object_repr": "Vegetables", "action_flag": 1, "change_message": "[{\"added\": {}}]"}}, {"model": "admin.logentry", "pk": 41, "fields": {"action_time": "2023-09-25T10:46:35.012Z", "user": 1, "content_type": 13, "object_id": "12", "object_repr": "Bread and Juice", "action_flag": 1, "change_message": "[{\"added\": {}}]"}}, {"model": "admin.logentry", "pk": 42, "fields": {"action_time": "2023-09-25T10:47:20.591Z", "user": 1, "content_type": 13, "object_id": "10", "object_repr": "Fast food", "action_flag": 2, "change_message": "[{\"changed\": {\"fields\": [\"Image\"]}}]"}}, {"model": "admin.logentry", "pk": 43, "fields": {"action_time": "2023-09-25T11:23:31.114Z", "user": 1, "content_type": 14, "object_id": "3", "object_repr": "Peanut", "action_flag": 2, "change_message": "[{\"changed\": {\"fields\": [\"Category\"]}}]"}}, {"model": "admin.logentry", "pk": 44, "fields": {"action_time": "2023-09-25T11:23:43.500Z", "user": 1, "content_type": 14, "object_id": "2", "object_repr": "Fresh Coffee", "action_flag": 2, "change_message": "[{\"changed\": {\"fields\": [\"Category\"]}}]"}}, {"model": "admin.logentry", "pk": 45, "fields": {"action_time": "2023-09-25T11:23:49.711Z", "user": 1, "content_type": 14, "object_id": "1", "object_repr": "Vitamin C face serum", "action_flag": 2, "change_message": "[{\"changed\": {\"fields\": [\"Category\"]}}]"}}, {"model": "admin.logentry", "pk": 46, "fields": {"action_time": "2023-09-25T11:25:02.083Z", "user": 1, "content_type": 14, "object_id": "2", "object_repr": "Fresh Coffee", "action_flag": 2, "change_message": "[{\"changed\": {\"fields\": [\"Category\"]}}]"}}, {"model": "admin.logentry", "pk": 47, "fields": {"action_time": "2023-09-25T11:25:13.687Z", "user": 1, "content_type": 14, "object_id": "2", "object_repr": "Fresh Coffee", "action_flag": 2, "change_message": "[{\"changed\": {\"fields\": [\"Category\"]}}]"}}, {"model": "admin.logentry", "pk": 48, "fields": {"action_time": "2023-09-26T13:49:19.160Z", "user": 1, "content_type": 14, "object_id": "4", "object_repr": "Fresh Mango", "action_flag": 1, "change_message": "[{\"added\": {}}]"}}, {"model": "admin.logentry", "pk": 49, "fields": {"action_time": "2023-09-26T13:49:53.561Z", "user": 1, "content_type": 14, "object_id": "4", "object_repr": "Fresh Mango", "action_flag": 2, "change_message": "[{\"added\": {\"name\": \"product images\", \"object\": \"ProductImages object (5)\"}}, {\"added\": {\"name\": \"product images\", \"object\": \"ProductImages object (6)\"}}, {\"added\": {\"name\": \"product images\", \"object\": \"ProductImages object (7)\"}}]"}}, {"model": "admin.logentry", "pk": 50, "fields": {"action_time": "2023-09-28T10:28:17.170Z", "user": 1, "content_type": 9, "object_id": "2", "object_repr": "Fati shop", "action_flag": 1, "change_message": "[{\"added\": {}}]"}}, {"model": "admin.logentry", "pk": 51, "fields": {"action_time": "2023-09-28T10:34:16.497Z", "user": 1, "content_type": 9, "object_id": "1", "object_repr": "Mina's Shop", "action_flag": 2, "change_message": "[{\"changed\": {\"fields\": [\"Image\"]}}]"}}, {"model": "admin.logentry", "pk": 52, "fields": {"action_time": "2023-09-28T11:43:24.800Z", "user": 1, "content_type": 9, "object_id": "1", "object_repr": "Mina's Shop", "action_flag": 2, "change_message": "[{\"changed\": {\"fields\": [\"Cover image\"]}}]"}}, {"model": "admin.logentry", "pk": 53, "fields": {"action_time": "2023-09-28T11:43:30.847Z", "user": 1, "content_type": 9, "object_id": "2", "object_repr": "Fati shop", "action_flag": 2, "change_message": "[{\"changed\": {\"fields\": [\"Cover image\"]}}]"}}, {"model": "admin.logentry", "pk": 54, "fields": {"action_time": "2023-10-01T14:48:16.645Z", "user": 1, "content_type": 9, "object_id": "1", "object_repr": "Mina's Shop", "action_flag": 2, "change_message": "[{\"changed\": {\"fields\": [\"Chat resp time\", \"Shipping on time\", \"Authentic rating\", \"Days return\", \"Warranty period\"]}}]"}}, {"model": "admin.logentry", "pk": 55, "fields": {"action_time": "2023-10-08T11:35:45.817Z", "user": 1, "content_type": 14, "object_id": "4", "object_repr": "Fresh Mango", "action_flag": 2, "change_message": "[{\"changed\": {\"fields\": [\"Mfd\"]}}]"}}, {"model": "admin.logentry", "pk": 56, "fields": {"action_time": "2023-10-08T11:35:53.372Z", "user": 1, "content_type": 14, "object_id": "3", "object_repr": "Peanut", "action_flag": 2, "change_message": "[{\"changed\": {\"fields\": [\"Mfd\"]}}]"}}, {"model": "admin.logentry", "pk": 57, "fields": {"action_time": "2023-10-08T11:36:00.311Z", "user": 1, "content_type": 14, "object_id": "2", "object_repr": "Fresh Coffee", "action_flag": 2, "change_message": "[{\"changed\": {\"fields\": [\"Mfd\"]}}]"}}, {"model": "admin.logentry", "pk": 58, "fields": {"action_time": "2023-10-08T11:36:06.506Z", "user": 1, "content_type": 14, "object_id": "1", "object_repr": "Vitamin C face serum", "action_flag": 2, "change_message": "[{\"changed\": {\"fields\": [\"Mfd\"]}}]"}}, {"model": "admin.logentry", "pk": 59, "fields": {"action_time": "2023-10-08T12:02:11.994Z", "user": 1, "content_type": 9, "object_id": "2", "object_repr": "Fati shop", "action_flag": 2, "change_message": "[{\"changed\": {\"fields\": [\"Chat resp time\", \"Shipping on time\", \"Days return\", \"Warranty period\"]}}]"}}, {"model": "admin.logentry", "pk": 60, "fields": {"action_time": "2023-10-08T12:07:33.269Z", "user": 1, "content_type": 9, "object_id": "1", "object_repr": "Mina's Shop", "action_flag": 2, "change_message": "[{\"changed\": {\"fields\": [\"Authentic rating\", \"Days return\", \"Warranty period\"]}}]"}}, {"model": "admin.logentry", "pk": 61, "fields": {"action_time": "2023-10-08T12:07:43.973Z", "user": 1, "content_type": 9, "object_id": "2", "object_repr": "Fati shop", "action_flag": 2, "change_message": "[{\"changed\": {\"fields\": [\"Authentic rating\"]}}]"}}, {"model": "admin.logentry", "pk": 62, "fields": {"action_time": "2023-10-08T12:07:59.444Z", "user": 1, "content_type": 9, "object_id": "1", "object_repr": "Mina's Shop", "action_flag": 2, "change_message": "[{\"changed\": {\"fields\": [\"Warranty period\"]}}]"}}, {"model": "admin.logentry", "pk": 63, "fields": {"action_time": "2023-10-08T12:18:51.475Z", "user": 1, "content_type": 14, "object_id": "4", "object_repr": "Fresh Mango", "action_flag": 2, "change_message": "[{\"changed\": {\"fields\": [\"Rating\"]}}]"}}, {"model": "admin.logentry", "pk": 64, "fields": {"action_time": "2023-10-08T12:19:02.955Z", "user": 1, "content_type": 14, "object_id": "4", "object_repr": "Fresh Mango", "action_flag": 2, "change_message": "[{\"changed\": {\"fields\": [\"Rating\"]}}]"}}, {"model": "admin.logentry", "pk": 65, "fields": {"action_time": "2023-10-08T12:19:10.642Z", "user": 1, "content_type": 14, "object_id": "3", "object_repr": "Peanut", "action_flag": 2, "change_message": "[{\"changed\": {\"fields\": [\"Rating\"]}}]"}}, {"model": "admin.logentry", "pk": 66, "fields": {"action_time": "2023-10-08T12:19:18.788Z", "user": 1, "content_type": 14, "object_id": "2", "object_repr": "Fresh Coffee", "action_flag": 2, "change_message": "[{\"changed\": {\"fields\": [\"Rating\"]}}]"}}, {"model": "admin.logentry", "pk": 67, "fields": {"action_time": "2023-10-08T12:19:27.219Z", "user": 1, "content_type": 14, "object_id": "1", "object_repr": "Vitamin C face serum", "action_flag": 2, "change_message": "[{\"changed\": {\"fields\": [\"Rating\"]}}]"}}, {"model": "admin.logentry", "pk": 68, "fields": {"action_time": "2023-10-08T12:52:53.037Z", "user": 1, "content_type": 12, "object_id": "1", "object_repr": "Address object (1)", "action_flag": 1, "change_message": "[{\"added\": {}}]"}}, {"model": "admin.logentry", "pk": 69, "fields": {"action_time": "2023-10-08T13:12:44.335Z", "user": 1, "content_type": 14, "object_id": "3", "object_repr": "Peanut", "action_flag": 2, "change_message": "[{\"added\": {\"name\": \"product images\", \"object\": \"ProductImages object (8)\"}}, {\"added\": {\"name\": \"product images\", \"object\": \"ProductImages object (9)\"}}, {\"added\": {\"name\": \"product images\", \"object\": \"ProductImages object (10)\"}}]"}}, {"model": "admin.logentry", "pk": 70, "fields": {"action_time": "2023-10-08T13:19:46.549Z", "user": 1, "content_type": 14, "object_id": "3", "object_repr": "Peanut", "action_flag": 2, "change_message": "[{\"changed\": {\"name\": \"product images\", \"object\": \"ProductImages object (8)\", \"fields\": [\"Image\"]}}]"}}, {"model": "admin.logentry", "pk": 71, "fields": {"action_time": "2023-10-08T13:19:59.232Z", "user": 1, "content_type": 14, "object_id": "3", "object_repr": "Peanut", "action_flag": 2, "change_message": "[{\"changed\": {\"name\": \"product images\", \"object\": \"ProductImages object (8)\", \"fields\": [\"Image\"]}}]"}}, {"model": "admin.logentry", "pk": 72, "fields": {"action_time": "2023-10-10T11:52:35.071Z", "user": 1, "content_type": 14, "object_id": "4", "object_repr": "Fresh Mango", "action_flag": 2, "change_message": "[{\"changed\": {\"fields\": [\"Tags\"]}}]"}}, {"model": "admin.logentry", "pk": 73, "fields": {"action_time": "2023-10-10T11:52:42.750Z", "user": 1, "content_type": 14, "object_id": "3", "object_repr": "Peanut", "action_flag": 2, "change_message": "[{\"changed\": {\"fields\": [\"Tags\"]}}]"}}, {"model": "admin.logentry", "pk": 74, "fields": {"action_time": "2023-10-10T11:53:17.195Z", "user": 1, "content_type": 14, "object_id": "2", "object_repr": "Fresh Coffee", "action_flag": 2, "change_message": "[{\"changed\": {\"fields\": [\"Tags\"]}}]"}}, {"model": "admin.logentry", "pk": 75, "fields": {"action_time": "2023-10-10T11:53:35.351Z", "user": 1, "content_type": 14, "object_id": "1", "object_repr": "Vitamin C face serum", "action_flag": 2, "change_message": "[{\"changed\": {\"fields\": [\"Tags\"]}}]"}}, {"model": "admin.logentry", "pk": 76, "fields": {"action_time": "2023-10-23T10:09:04.760Z", "user": 1, "content_type": 16, "object_id": "2", "object_repr": "Vitamin C face serum", "action_flag": 1, "change_message": "[{\"added\": {}}]"}}, {"model": "admin.logentry", "pk": 77, "fields": {"action_time": "2023-10-23T10:09:10.699Z", "user": 1, "content_type": 16, "object_id": "1", "object_repr": "Vitamin C face serum", "action_flag": 2, "change_message": "[{\"changed\": {\"fields\": [\"Rating\"]}}]"}}, {"model": "admin.logentry", "pk": 78, "fields": {"action_time": "2023-10-23T11:37:46.066Z", "user": 1, "content_type": 16, "object_id": "3", "object_repr": "Fresh Coffee", "action_flag": 1, "change_message": "[{\"added\": {}}]"}}, {"model": "admin.logentry", "pk": 79, "fields": {"action_time": "2023-10-23T12:46:14.247Z", "user": 1, "content_type": 16, "object_id": "4", "object_repr": "Vitamin C face serum", "action_flag": 1, "change_message": "[{\"added\": {}}]"}}, {"model": "admin.logentry", "pk": 80, "fields": {"action_time": "2023-10-23T14:52:15.697Z", "user": 1, "content_type": 16, "object_id": "5", "object_repr": "Peanut", "action_flag": 3, "change_message": ""}}, {"model": "admin.logentry", "pk": 81, "fields": {"action_time": "2023-10-25T09:43:19.717Z", "user": 1, "content_type": 16, "object_id": "13", "object_repr": "Fresh Coffee", "action_flag": 3, "change_message": ""}}, {"model": "admin.logentry", "pk": 82, "fields": {"action_time": "2023-10-25T09:43:19.878Z", "user": 1, "content_type": 16, "object_id": "12", "object_repr": "Fresh Coffee", "action_flag": 3, "change_message": ""}}, {"model": "admin.logentry", "pk": 83, "fields": {"action_time": "2023-10-25T09:43:19.997Z", "user": 1, "content_type": 16, "object_id": "11", "object_repr": "Fresh Coffee", "action_flag": 3, "change_message": ""}}, {"model": "admin.logentry", "pk": 84, "fields": {"action_time": "2023-10-25T09:43:20.114Z", "user": 1, "content_type": 16, "object_id": "10", "object_repr": "Fresh Coffee", "action_flag": 3, "change_message": ""}}, {"model": "admin.logentry", "pk": 85, "fields": {"action_time": "2023-10-25T09:43:20.272Z", "user": 1, "content_type": 16, "object_id": "9", "object_repr": "Fresh Mango", "action_flag": 3, "change_message": ""}}, {"model": "admin.logentry", "pk": 86, "fields": {"action_time": "2023-10-25T09:43:20.397Z", "user": 1, "content_type": 16, "object_id": "8", "object_repr": "Fresh Mango", "action_flag": 3, "change_message": ""}}, {"model": "admin.logentry", "pk": 87, "fields": {"action_time": "2023-10-25T09:43:20.505Z", "user": 1, "content_type": 16, "object_id": "7", "object_repr": "Fresh Mango", "action_flag": 3, "change_message": ""}}, {"model": "admin.logentry", "pk": 88, "fields": {"action_time": "2023-10-25T09:43:20.612Z", "user": 1, "content_type": 16, "object_id": "6", "object_repr": "Fresh Mango", "action_flag": 3, "change_message": ""}}, {"model": "admin.logentry", "pk": 89, "fields": {"action_time": "2023-10-25T09:43:20.730Z", "user": 1, "content_type": 16, "object_id": "4", "object_repr": "Vitamin C face serum", "action_flag": 3, "change_message": ""}}, {"model": "admin.logentry", "pk": 90, "fields": {"action_time": "2023-10-25T09:43:20.855Z", "user": 1, "content_type": 16, "object_id": "3", "object_repr": "Fresh Coffee", "action_flag": 3, "change_message": ""}}, {"model": "admin.logentry", "pk": 91, "fields": {"action_time": "2023-10-25T12:13:56.848Z", "user": 1, "content_type": 16, "object_id": "17", "object_repr": "Fresh Mango", "action_flag": 3, "change_message": ""}}, {"model": "admin.logentry", "pk": 92, "fields": {"action_time": "2023-10-25T12:13:56.973Z", "user": 1, "content_type": 16, "object_id": "16", "object_repr": "Peanut", "action_flag": 3, "change_message": ""}}, {"model": "admin.logentry", "pk": 93, "fields": {"action_time": "2023-10-25T12:13:57.135Z", "user": 1, "content_type": 16, "object_id": "15", "object_repr": "Peanut", "action_flag": 3, "change_message": ""}}, {"model": "admin.logentry", "pk": 94, "fields": {"action_time": "2023-10-25T12:13:57.243Z", "user": 1, "content_type": 16, "object_id": "14", "object_repr": "Peanut", "action_flag": 3, "change_message": ""}}, {"model": "admin.logentry", "pk": 95, "fields": {"action_time": "2023-10-25T12:35:41.594Z", "user": 1, "content_type": 16, "object_id": "38", "object_repr": "Vitamin C face serum", "action_flag": 3, "change_message": ""}}, {"model": "admin.logentry", "pk": 96, "fields": {"action_time": "2023-10-25T12:35:41.729Z", "user": 1, "content_type": 16, "object_id": "37", "object_repr": "Vitamin C face serum", "action_flag": 3, "change_message": ""}}, {"model": "admin.logentry", "pk": 97, "fields": {"action_time": "2023-10-25T12:35:41.822Z", "user": 1, "content_type": 16, "object_id": "36", "object_repr": "Vitamin C face serum", "action_flag": 3, "change_message": ""}}, {"model": "admin.logentry", "pk": 98, "fields": {"action_time": "2023-10-25T12:35:41.937Z", "user": 1, "content_type": 16, "object_id": "35", "object_repr": "Vitamin C face serum", "action_flag": 3, "change_message": ""}}, {"model": "admin.logentry", "pk": 99, "fields": {"action_time": "2023-10-25T12:35:42.047Z", "user": 1, "content_type": 16, "object_id": "34", "object_repr": "Fresh Mango", "action_flag": 3, "change_message": ""}}, {"model": "admin.logentry", "pk": 100, "fields": {"action_time": "2023-10-25T12:35:42.161Z", "user": 1, "content_type": 16, "object_id": "33", "object_repr": "Fresh Mango", "action_flag": 3, "change_message": ""}}, {"model": "admin.logentry", "pk": 101, "fields": {"action_time": "2023-10-25T12:35:42.262Z", "user": 1, "content_type": 16, "object_id": "32", "object_repr": "Peanut", "action_flag": 3, "change_message": ""}}, {"model": "admin.logentry", "pk": 102, "fields": {"action_time": "2023-10-25T12:35:42.370Z", "user": 1, "content_type": 16, "object_id": "31", "object_repr": "Vitamin C face serum", "action_flag": 3, "change_message": ""}}, {"model": "admin.logentry", "pk": 103, "fields": {"action_time": "2023-10-25T12:35:42.471Z", "user": 1, "content_type": 16, "object_id": "30", "object_repr": "Vitamin C face serum", "action_flag": 3, "change_message": ""}}, {"model": "admin.logentry", "pk": 104, "fields": {"action_time": "2023-10-25T12:35:42.587Z", "user": 1, "content_type": 16, "object_id": "29", "object_repr": "Fresh Coffee", "action_flag": 3, "change_message": ""}}, {"model": "admin.logentry", "pk": 105, "fields": {"action_time": "2023-10-25T12:35:42.689Z", "user": 1, "content_type": 16, "object_id": "28", "object_repr": "Fresh Coffee", "action_flag": 3, "change_message": ""}}, {"model": "admin.logentry", "pk": 106, "fields": {"action_time": "2023-10-25T12:35:42.787Z", "user": 1, "content_type": 16, "object_id": "27", "object_repr": "Fresh Coffee", "action_flag": 3, "change_message": ""}}, {"model": "admin.logentry", "pk": 107, "fields": {"action_time": "2023-10-25T12:35:42.903Z", "user": 1, "content_type": 16, "object_id": "26", "object_repr": "Fresh Coffee", "action_flag": 3, "change_message": ""}}, {"model": "admin.logentry", "pk": 108, "fields": {"action_time": "2023-10-25T12:35:43.004Z", "user": 1, "content_type": 16, "object_id": "25", "object_repr": "Fresh Coffee", "action_flag": 3, "change_message": ""}}, {"model": "admin.logentry", "pk": 109, "fields": {"action_time": "2023-10-25T12:35:43.128Z", "user": 1, "content_type": 16, "object_id": "24", "object_repr": "Fresh Coffee", "action_flag": 3, "change_message": ""}}, {"model": "admin.logentry", "pk": 110, "fields": {"action_time": "2023-10-25T12:35:43.237Z", "user": 1, "content_type": 16, "object_id": "23", "object_repr": "Fresh Coffee", "action_flag": 3, "change_message": ""}}, {"model": "admin.logentry", "pk": 111, "fields": {"action_time": "2023-10-25T12:35:43.373Z", "user": 1, "content_type": 16, "object_id": "22", "object_repr": "Fresh Coffee", "action_flag": 3, "change_message": ""}}, {"model": "admin.logentry", "pk": 112, "fields": {"action_time": "2023-10-25T12:35:43.479Z", "user": 1, "content_type": 16, "object_id": "21", "object_repr": "Fresh Coffee", "action_flag": 3, "change_message": ""}}, {"model": "admin.logentry", "pk": 113, "fields": {"action_time": "2023-10-25T12:35:43.587Z", "user": 1, "content_type": 16, "object_id": "20", "object_repr": "Fresh Coffee", "action_flag": 3, "change_message": ""}}, {"model": "admin.logentry", "pk": 114, "fields": {"action_time": "2023-10-25T12:35:43.696Z", "user": 1, "content_type": 16, "object_id": "19", "object_repr": "Fresh Coffee", "action_flag": 3, "change_message": ""}}, {"model": "admin.logentry", "pk": 115, "fields": {"action_time": "2023-10-25T12:35:43.812Z", "user": 1, "content_type": 16, "object_id": "18", "object_repr": "Fresh Coffee", "action_flag": 3, "change_message": ""}}, {"model": "admin.logentry", "pk": 116, "fields": {"action_time": "2023-10-25T12:35:43.922Z", "user": 1, "content_type": 16, "object_id": "2", "object_repr": "Vitamin C face serum", "action_flag": 3, "change_message": ""}}, {"model": "admin.logentry", "pk": 117, "fields": {"action_time": "2023-10-25T12:35:44.038Z", "user": 1, "content_type": 16, "object_id": "1", "object_repr": "Vitamin C face serum", "action_flag": 3, "change_message": ""}}, {"model": "admin.logentry", "pk": 118, "fields": {"action_time": "2023-10-25T13:56:49.123Z", "user": 1, "content_type": 16, "object_id": "41", "object_repr": "Fresh Mango", "action_flag": 3, "change_message": ""}}, {"model": "admin.logentry", "pk": 119, "fields": {"action_time": "2023-10-25T13:56:49.288Z", "user": 1, "content_type": 16, "object_id": "40", "object_repr": "Fresh Mango", "action_flag": 3, "change_message": ""}}, {"model": "admin.logentry", "pk": 120, "fields": {"action_time": "2023-10-25T13:56:49.409Z", "user": 1, "content_type": 16, "object_id": "39", "object_repr": "Fresh Mango", "action_flag": 3, "change_message": ""}}, {"model": "admin.logentry", "pk": 121, "fields": {"action_time": "2023-10-29T11:15:57.977Z", "user": 1, "content_type": 16, "object_id": "65", "object_repr": "Vitamin C face serum", "action_flag": 3, "change_message": ""}}, {"model": "admin.logentry", "pk": 122, "fields": {"action_time": "2023-10-29T11:15:58.124Z", "user": 1, "content_type": 16, "object_id": "64", "object_repr": "Vitamin C face serum", "action_flag": 3, "change_message": ""}}, {"model": "admin.logentry", "pk": 123, "fields": {"action_time": "2023-10-29T11:15:58.241Z", "user": 1, "content_type": 16, "object_id": "63", "object_repr": "Fresh Coffee", "action_flag": 3, "change_message": ""}}, {"model": "admin.logentry", "pk": 124, "fields": {"action_time": "2023-10-29T11:15:58.350Z", "user": 1, "content_type": 16, "object_id": "62", "object_repr": "Fresh Coffee", "action_flag": 3, "change_message": ""}}, {"model": "admin.logentry", "pk": 125, "fields": {"action_time": "2023-10-29T11:15:58.484Z", "user": 1, "content_type": 16, "object_id": "61", "object_repr": "Fresh Coffee", "action_flag": 3, "change_message": ""}}, {"model": "admin.logentry", "pk": 126, "fields": {"action_time": "2023-10-29T11:15:58.599Z", "user": 1, "content_type": 16, "object_id": "60", "object_repr": "Fresh Coffee", "action_flag": 3, "change_message": ""}}, {"model": "admin.logentry", "pk": 127, "fields": {"action_time": "2023-10-29T11:15:58.687Z", "user": 1, "content_type": 16, "object_id": "59", "object_repr": "Fresh Coffee", "action_flag": 3, "change_message": ""}}, {"model": "admin.logentry", "pk": 128, "fields": {"action_time": "2023-10-29T11:15:58.787Z", "user": 1, "content_type": 16, "object_id": "58", "object_repr": "Fresh Coffee", "action_flag": 3, "change_message": ""}}, {"model": "admin.logentry", "pk": 129, "fields": {"action_time": "2023-10-29T11:15:58.924Z", "user": 1, "content_type": 16, "object_id": "57", "object_repr": "Peanut", "action_flag": 3, "change_message": ""}}, {"model": "admin.logentry", "pk": 130, "fields": {"action_time": "2023-10-29T11:15:59.035Z", "user": 1, "content_type": 16, "object_id": "56", "object_repr": "Peanut", "action_flag": 3, "change_message": ""}}, {"model": "admin.logentry", "pk": 131, "fields": {"action_time": "2023-10-29T11:15:59.150Z", "user": 1, "content_type": 16, "object_id": "55", "object_repr": "Fresh Mango", "action_flag": 3, "change_message": ""}}, {"model": "admin.logentry", "pk": 132, "fields": {"action_time": "2023-10-29T11:15:59.267Z", "user": 1, "content_type": 16, "object_id": "54", "object_repr": "Peanut", "action_flag": 3, "change_message": ""}}, {"model": "admin.logentry", "pk": 133, "fields": {"action_time": "2023-10-29T11:15:59.382Z", "user": 1, "content_type": 16, "object_id": "53", "object_repr": "Peanut", "action_flag": 3, "change_message": ""}}, {"model": "admin.logentry", "pk": 134, "fields": {"action_time": "2023-10-29T11:15:59.492Z", "user": 1, "content_type": 16, "object_id": "52", "object_repr": "Peanut", "action_flag": 3, "change_message": ""}}, {"model": "admin.logentry", "pk": 135, "fields": {"action_time": "2023-10-29T11:15:59.607Z", "user": 1, "content_type": 16, "object_id": "51", "object_repr": "Peanut", "action_flag": 3, "change_message": ""}}, {"model": "admin.logentry", "pk": 136, "fields": {"action_time": "2023-10-29T11:15:59.707Z", "user": 1, "content_type": 16, "object_id": "50", "object_repr": "Peanut", "action_flag": 3, "change_message": ""}}, {"model": "admin.logentry", "pk": 137, "fields": {"action_time": "2023-10-29T11:15:59.816Z", "user": 1, "content_type": 16, "object_id": "49", "object_repr": "Peanut", "action_flag": 3, "change_message": ""}}, {"model": "admin.logentry", "pk": 138, "fields": {"action_time": "2023-10-29T11:15:59.924Z", "user": 1, "content_type": 16, "object_id": "48", "object_repr": "Fresh Mango", "action_flag": 3, "change_message": ""}}, {"model": "admin.logentry", "pk": 139, "fields": {"action_time": "2023-10-29T11:16:00.041Z", "user": 1, "content_type": 16, "object_id": "47", "object_repr": "Peanut", "action_flag": 3, "change_message": ""}}, {"model": "admin.logentry", "pk": 140, "fields": {"action_time": "2023-10-29T11:16:00.158Z", "user": 1, "content_type": 16, "object_id": "46", "object_repr": "Vitamin C face serum", "action_flag": 3, "change_message": ""}}, {"model": "admin.logentry", "pk": 141, "fields": {"action_time": "2023-10-29T11:16:00.274Z", "user": 1, "content_type": 16, "object_id": "45", "object_repr": "Vitamin C face serum", "action_flag": 3, "change_message": ""}}, {"model": "admin.logentry", "pk": 142, "fields": {"action_time": "2023-10-29T11:16:00.373Z", "user": 1, "content_type": 16, "object_id": "44", "object_repr": "Vitamin C face serum", "action_flag": 3, "change_message": ""}}, {"model": "admin.logentry", "pk": 143, "fields": {"action_time": "2023-10-29T11:16:00.482Z", "user": 1, "content_type": 16, "object_id": "43", "object_repr": "Vitamin C face serum", "action_flag": 3, "change_message": ""}}, {"model": "admin.logentry", "pk": 144, "fields": {"action_time": "2023-10-29T11:16:00.569Z", "user": 1, "content_type": 16, "object_id": "42", "object_repr": "Vitamin C face serum", "action_flag": 3, "change_message": ""}}, {"model": "admin.logentry", "pk": 145, "fields": {"action_time": "2023-10-29T11:23:59.901Z", "user": 1, "content_type": 16, "object_id": "66", "object_repr": "Fresh Coffee", "action_flag": 1, "change_message": "[{\"added\": {}}]"}}, {"model": "admin.logentry", "pk": 146, "fields": {"action_time": "2023-10-29T11:33:07.045Z", "user": 1, "content_type": 16, "object_id": "74", "object_repr": "Fresh Coffee", "action_flag": 3, "change_message": ""}}, {"model": "admin.logentry", "pk": 147, "fields": {"action_time": "2023-10-29T11:33:07.168Z", "user": 1, "content_type": 16, "object_id": "73", "object_repr": "Fresh Coffee", "action_flag": 3, "change_message": ""}}, {"model": "admin.logentry", "pk": 148, "fields": {"action_time": "2023-10-29T11:33:07.292Z", "user": 1, "content_type": 16, "object_id": "72", "object_repr": "Peanut", "action_flag": 3, "change_message": ""}}, {"model": "admin.logentry", "pk": 149, "fields": {"action_time": "2023-10-29T11:33:07.409Z", "user": 1, "content_type": 16, "object_id": "71", "object_repr": "Peanut", "action_flag": 3, "change_message": ""}}, {"model": "admin.logentry", "pk": 150, "fields": {"action_time": "2023-10-29T11:33:07.534Z", "user": 1, "content_type": 16, "object_id": "70", "object_repr": "Peanut", "action_flag": 3, "change_message": ""}}, {"model": "admin.logentry", "pk": 151, "fields": {"action_time": "2023-10-29T11:33:07.633Z", "user": 1, "content_type": 16, "object_id": "69", "object_repr": "Fresh Coffee", "action_flag": 3, "change_message": ""}}, {"model": "admin.logentry", "pk": 152, "fields": {"action_time": "2023-10-29T11:33:07.725Z", "user": 1, "content_type": 16, "object_id": "68", "object_repr": "Fresh Coffee", "action_flag": 3, "change_message": ""}}, {"model": "admin.logentry", "pk": 153, "fields": {"action_time": "2023-10-29T11:33:07.850Z", "user": 1, "content_type": 16, "object_id": "67", "object_repr": "Fresh Coffee", "action_flag": 3, "change_message": ""}}, {"model": "admin.logentry", "pk": 154, "fields": {"action_time": "2023-10-29T11:33:07.941Z", "user": 1, "content_type": 16, "object_id": "66", "object_repr": "Fresh Coffee", "action_flag": 3, "change_message": ""}}, {"model": "admin.logentry", "pk": 155, "fields": {"action_time": "2023-10-29T12:32:36.251Z", "user": 1, "content_type": 16, "object_id": "84", "object_repr": "Peanut", "action_flag": 3, "change_message": ""}}, {"model": "admin.logentry", "pk": 156, "fields": {"action_time": "2023-10-29T12:32:36.413Z", "user": 1, "content_type": 16, "object_id": "83", "object_repr": "Peanut", "action_flag": 3, "change_message": ""}}, {"model": "admin.logentry", "pk": 157, "fields": {"action_time": "2023-10-29T12:32:36.528Z", "user": 1, "content_type": 16, "object_id": "82", "object_repr": "Peanut", "action_flag": 3, "change_message": ""}}, {"model": "admin.logentry", "pk": 158, "fields": {"action_time": "2023-10-29T12:32:36.661Z", "user": 1, "content_type": 16, "object_id": "81", "object_repr": "Peanut", "action_flag": 3, "change_message": ""}}, {"model": "admin.logentry", "pk": 159, "fields": {"action_time": "2023-10-29T12:32:36.788Z", "user": 1, "content_type": 16, "object_id": "80", "object_repr": "Fresh Coffee", "action_flag": 3, "change_message": ""}}, {"model": "admin.logentry", "pk": 160, "fields": {"action_time": "2023-10-29T12:32:36.908Z", "user": 1, "content_type": 16, "object_id": "79", "object_repr": "Fresh Coffee", "action_flag": 3, "change_message": ""}}, {"model": "admin.logentry", "pk": 161, "fields": {"action_time": "2023-10-29T12:32:37.029Z", "user": 1, "content_type": 16, "object_id": "78", "object_repr": "Fresh Coffee", "action_flag": 3, "change_message": ""}}, {"model": "admin.logentry", "pk": 162, "fields": {"action_time": "2023-10-29T12:32:37.127Z", "user": 1, "content_type": 16, "object_id": "77", "object_repr": "Fresh Coffee", "action_flag": 3, "change_message": ""}}, {"model": "admin.logentry", "pk": 163, "fields": {"action_time": "2023-10-29T12:32:37.259Z", "user": 1, "content_type": 16, "object_id": "76", "object_repr": "Fresh Coffee", "action_flag": 3, "change_message": ""}}, {"model": "admin.logentry", "pk": 164, "fields": {"action_time": "2023-10-29T12:32:37.388Z", "user": 1, "content_type": 16, "object_id": "75", "object_repr": "Fresh Coffee", "action_flag": 3, "change_message": ""}}, {"model": "admin.logentry", "pk": 165, "fields": {"action_time": "2023-10-30T11:58:40.436Z", "user": 1, "content_type": 16, "object_id": "90", "object_repr": "Fresh Mango", "action_flag": 3, "change_message": ""}}, {"model": "admin.logentry", "pk": 166, "fields": {"action_time": "2023-10-30T11:58:40.601Z", "user": 1, "content_type": 16, "object_id": "89", "object_repr": "Vitamin C face serum", "action_flag": 3, "change_message": ""}}, {"model": "admin.logentry", "pk": 167, "fields": {"action_time": "2023-10-30T11:58:40.712Z", "user": 1, "content_type": 16, "object_id": "88", "object_repr": "Vitamin C face serum", "action_flag": 3, "change_message": ""}}, {"model": "admin.logentry", "pk": 168, "fields": {"action_time": "2023-10-30T11:58:40.812Z", "user": 1, "content_type": 16, "object_id": "87", "object_repr": "Fresh Coffee", "action_flag": 3, "change_message": ""}}, {"model": "admin.logentry", "pk": 169, "fields": {"action_time": "2023-10-30T11:58:40.928Z", "user": 1, "content_type": 16, "object_id": "86", "object_repr": "Peanut", "action_flag": 3, "change_message": ""}}, {"model": "admin.logentry", "pk": 170, "fields": {"action_time": "2023-10-30T11:58:41.044Z", "user": 1, "content_type": 16, "object_id": "85", "object_repr": "Peanut", "action_flag": 3, "change_message": ""}}, {"model": "admin.logentry", "pk": 171, "fields": {"action_time": "2023-10-30T12:13:21.821Z", "user": 1, "content_type": 6, "object_id": "9", "object_repr": "fatemeh@gmail.com", "action_flag": 2, "change_message": "[{\"changed\": {\"fields\": [\"Username\"]}}]"}}, {"model": "admin.logentry", "pk": 172, "fields": {"action_time": "2023-10-30T13:31:13.413Z", "user": 1, "content_type": 16, "object_id": "105", "object_repr": "mina", "action_flag": 3, "change_message": ""}}, {"model": "admin.logentry", "pk": 173, "fields": {"action_time": "2023-10-30T13:31:13.579Z", "user": 1, "content_type": 16, "object_id": "104", "object_repr": "mina", "action_flag": 3, "change_message": ""}}, {"model": "admin.logentry", "pk": 174, "fields": {"action_time": "2023-10-30T13:31:13.704Z", "user": 1, "content_type": 16, "object_id": "103", "object_repr": "mina", "action_flag": 3, "change_message": ""}}, {"model": "admin.logentry", "pk": 175, "fields": {"action_time": "2023-10-30T13:31:13.830Z", "user": 1, "content_type": 16, "object_id": "102", "object_repr": "mina", "action_flag": 3, "change_message": ""}}, {"model": "admin.logentry", "pk": 176, "fields": {"action_time": "2023-10-30T13:31:13.945Z", "user": 1, "content_type": 16, "object_id": "101", "object_repr": "mina", "action_flag": 3, "change_message": ""}}, {"model": "admin.logentry", "pk": 177, "fields": {"action_time": "2023-10-30T13:31:14.071Z", "user": 1, "content_type": 16, "object_id": "100", "object_repr": "mina", "action_flag": 3, "change_message": ""}}, {"model": "admin.logentry", "pk": 178, "fields": {"action_time": "2023-10-30T13:31:14.187Z", "user": 1, "content_type": 16, "object_id": "99", "object_repr": "mina", "action_flag": 3, "change_message": ""}}, {"model": "admin.logentry", "pk": 179, "fields": {"action_time": "2023-10-30T13:31:14.313Z", "user": 1, "content_type": 16, "object_id": "98", "object_repr": "mina", "action_flag": 3, "change_message": ""}}, {"model": "admin.logentry", "pk": 180, "fields": {"action_time": "2023-10-30T13:31:14.429Z", "user": 1, "content_type": 16, "object_id": "97", "object_repr": "mina", "action_flag": 3, "change_message": ""}}, {"model": "admin.logentry", "pk": 181, "fields": {"action_time": "2023-10-30T13:31:14.537Z", "user": 1, "content_type": 16, "object_id": "96", "object_repr": "mina", "action_flag": 3, "change_message": ""}}, {"model": "admin.logentry", "pk": 182, "fields": {"action_time": "2023-10-30T13:31:14.637Z", "user": 1, "content_type": 16, "object_id": "95", "object_repr": "mina", "action_flag": 3, "change_message": ""}}, {"model": "admin.logentry", "pk": 183, "fields": {"action_time": "2023-10-30T13:31:14.762Z", "user": 1, "content_type": 16, "object_id": "94", "object_repr": "mina", "action_flag": 3, "change_message": ""}}, {"model": "admin.logentry", "pk": 184, "fields": {"action_time": "2023-10-30T13:31:14.878Z", "user": 1, "content_type": 16, "object_id": "93", "object_repr": "mina", "action_flag": 3, "change_message": ""}}, {"model": "admin.logentry", "pk": 185, "fields": {"action_time": "2023-10-30T13:31:15.004Z", "user": 1, "content_type": 16, "object_id": "92", "object_repr": "mina", "action_flag": 3, "change_message": ""}}, {"model": "admin.logentry", "pk": 186, "fields": {"action_time": "2023-10-30T13:31:15.129Z", "user": 1, "content_type": 16, "object_id": "91", "object_repr": "mina", "action_flag": 3, "change_message": ""}}, {"model": "admin.logentry", "pk": 187, "fields": {"action_time": "2023-11-05T10:50:43.601Z", "user": 1, "content_type": 16, "object_id": "111", "object_repr": "hossein", "action_flag": 1, "change_message": "[{\"added\": {}}]"}}, {"model": "admin.logentry", "pk": 188, "fields": {"action_time": "2023-11-05T10:51:09.546Z", "user": 1, "content_type": 16, "object_id": "112", "object_repr": "mina", "action_flag": 1, "change_message": "[{\"added\": {}}]"}}, {"model": "admin.logentry", "pk": 189, "fields": {"action_time": "2023-11-05T10:58:29.883Z", "user": 1, "content_type": 16, "object_id": "109", "object_repr": "mina", "action_flag": 3, "change_message": ""}}, {"model": "admin.logentry", "pk": 190, "fields": {"action_time": "2023-11-05T13:36:37.421Z", "user": 1, "content_type": 16, "object_id": "118", "object_repr": "mina", "action_flag": 3, "change_message": ""}}, {"model": "admin.logentry", "pk": 191, "fields": {"action_time": "2023-11-05T13:36:49.286Z", "user": 1, "content_type": 16, "object_id": "117", "object_repr": "mina", "action_flag": 3, "change_message": ""}}, {"model": "admin.logentry", "pk": 192, "fields": {"action_time": "2023-11-05T13:36:49.419Z", "user": 1, "content_type": 16, "object_id": "116", "object_repr": "mina", "action_flag": 3, "change_message": ""}}, {"model": "admin.logentry", "pk": 193, "fields": {"action_time": "2023-11-05T13:36:49.536Z", "user": 1, "content_type": 16, "object_id": "115", "object_repr": "mina", "action_flag": 3, "change_message": ""}}, {"model": "admin.logentry", "pk": 194, "fields": {"action_time": "2023-11-05T13:36:49.644Z", "user": 1, "content_type": 16, "object_id": "114", "object_repr": "mina", "action_flag": 3, "change_message": ""}}, {"model": "admin.logentry", "pk": 195, "fields": {"action_time": "2023-11-05T13:36:49.736Z", "user": 1, "content_type": 16, "object_id": "113", "object_repr": "mina", "action_flag": 3, "change_message": ""}}, {"model": "admin.logentry", "pk": 196, "fields": {"action_time": "2023-11-05T13:36:49.853Z", "user": 1, "content_type": 16, "object_id": "112", "object_repr": "mina", "action_flag": 3, "change_message": ""}}, {"model": "admin.logentry", "pk": 197, "fields": {"action_time": "2023-11-05T13:36:49.969Z", "user": 1, "content_type": 16, "object_id": "111", "object_repr": "hossein", "action_flag": 3, "change_message": ""}}, {"model": "admin.logentry", "pk": 198, "fields": {"action_time": "2023-11-05T13:36:50.086Z", "user": 1, "content_type": 16, "object_id": "110", "object_repr": "mina", "action_flag": 3, "change_message": ""}}, {"model": "admin.logentry", "pk": 199, "fields": {"action_time": "2023-11-05T13:36:50.194Z", "user": 1, "content_type": 16, "object_id": "108", "object_repr": "pari", "action_flag": 3, "change_message": ""}}, {"model": "admin.logentry", "pk": 200, "fields": {"action_time": "2023-11-05T13:36:50.286Z", "user": 1, "content_type": 16, "object_id": "107", "object_repr": "mina", "action_flag": 3, "change_message": ""}}, {"model": "admin.logentry", "pk": 201, "fields": {"action_time": "2023-11-05T13:36:50.378Z", "user": 1, "content_type": 16, "object_id": "106", "object_repr": "mina", "action_flag": 3, "change_message": ""}}, {"model": "admin.logentry", "pk": 202, "fields": {"action_time": "2023-11-06T10:19:46.012Z", "user": 1, "content_type": 16, "object_id": "132", "object_repr": "mina: mina@gmail.com", "action_flag": 3, "change_message": ""}}, {"model": "admin.logentry", "pk": 203, "fields": {"action_time": "2023-11-06T10:19:46.145Z", "user": 1, "content_type": 16, "object_id": "131", "object_repr": "mina: mina@gmail.com", "action_flag": 3, "change_message": ""}}, {"model": "admin.logentry", "pk": 204, "fields": {"action_time": "2023-11-06T10:19:46.278Z", "user": 1, "content_type": 16, "object_id": "130", "object_repr": "mina: mina@gmail.com", "action_flag": 3, "change_message": ""}}, {"model": "admin.logentry", "pk": 205, "fields": {"action_time": "2023-11-06T10:19:46.377Z", "user": 1, "content_type": 16, "object_id": "129", "object_repr": "mina: mina@gmail.com", "action_flag": 3, "change_message": ""}}, {"model": "admin.logentry", "pk": 206, "fields": {"action_time": "2023-11-06T10:19:46.487Z", "user": 1, "content_type": 16, "object_id": "128", "object_repr": "mina: mina@gmail.com", "action_flag": 3, "change_message": ""}}, {"model": "admin.logentry", "pk": 207, "fields": {"action_time": "2023-11-06T10:19:46.586Z", "user": 1, "content_type": 16, "object_id": "127", "object_repr": "mina: mina@gmail.com", "action_flag": 3, "change_message": ""}}, {"model": "admin.logentry", "pk": 208, "fields": {"action_time": "2023-11-06T10:19:46.686Z", "user": 1, "content_type": 16, "object_id": "126", "object_repr": "mina: mina@gmail.com", "action_flag": 3, "change_message": ""}}, {"model": "admin.logentry", "pk": 209, "fields": {"action_time": "2023-11-06T10:19:46.804Z", "user": 1, "content_type": 16, "object_id": "125", "object_repr": "mina: mina@gmail.com", "action_flag": 3, "change_message": ""}}, {"model": "admin.logentry", "pk": 210, "fields": {"action_time": "2023-11-06T10:19:46.921Z", "user": 1, "content_type": 16, "object_id": "124", "object_repr": "mina: mina@gmail.com", "action_flag": 3, "change_message": ""}}, {"model": "admin.logentry", "pk": 211, "fields": {"action_time": "2023-11-06T10:19:47.028Z", "user": 1, "content_type": 16, "object_id": "123", "object_repr": "mina: mina@gmail.com", "action_flag": 3, "change_message": ""}}, {"model": "admin.logentry", "pk": 212, "fields": {"action_time": "2023-11-06T10:19:47.137Z", "user": 1, "content_type": 16, "object_id": "122", "object_repr": "mina: mina@gmail.com", "action_flag": 3, "change_message": ""}}, {"model": "admin.logentry", "pk": 213, "fields": {"action_time": "2023-11-06T10:19:47.262Z", "user": 1, "content_type": 16, "object_id": "121", "object_repr": "mina: mina@gmail.com", "action_flag": 3, "change_message": ""}}, {"model": "admin.logentry", "pk": 214, "fields": {"action_time": "2023-11-06T10:19:47.395Z", "user": 1, "content_type": 16, "object_id": "120", "object_repr": "mina: mina@gmail.com", "action_flag": 3, "change_message": ""}}, {"model": "admin.logentry", "pk": 215, "fields": {"action_time": "2023-11-06T10:19:47.511Z", "user": 1, "content_type": 16, "object_id": "119", "object_repr": "mina: mina@gmail.com", "action_flag": 3, "change_message": ""}}, {"model": "admin.logentry", "pk": 216, "fields": {"action_time": "2023-11-06T11:56:01.442Z", "user": 1, "content_type": 16, "object_id": "136", "object_repr": "mina: mina@gmail.com", "action_flag": 1, "change_message": "[{\"added\": {}}]"}}, {"model": "admin.logentry", "pk": 217, "fields": {"action_time": "2023-11-06T13:16:45.622Z", "user": 1, "content_type": 16, "object_id": "149", "object_repr": "pari: pari@gmail.com", "action_flag": 1, "change_message": "[{\"added\": {}}]"}}, {"model": "admin.logentry", "pk": 218, "fields": {"action_time": "2023-11-06T13:20:12.123Z", "user": 1, "content_type": 16, "object_id": "149", "object_repr": "pari: pari@gmail.com", "action_flag": 3, "change_message": ""}}, {"model": "admin.logentry", "pk": 219, "fields": {"action_time": "2023-11-06T13:20:12.270Z", "user": 1, "content_type": 16, "object_id": "148", "object_repr": "mina: mina@gmail.com", "action_flag": 3, "change_message": ""}}, {"model": "admin.logentry", "pk": 220, "fields": {"action_time": "2023-11-06T13:20:12.374Z", "user": 1, "content_type": 16, "object_id": "147", "object_repr": "mina: mina@gmail.com", "action_flag": 3, "change_message": ""}}, {"model": "admin.logentry", "pk": 221, "fields": {"action_time": "2023-11-06T13:20:12.488Z", "user": 1, "content_type": 16, "object_id": "146", "object_repr": "mina: mina@gmail.com", "action_flag": 3, "change_message": ""}}, {"model": "admin.logentry", "pk": 222, "fields": {"action_time": "2023-11-06T13:20:12.607Z", "user": 1, "content_type": 16, "object_id": "145", "object_repr": "mina: mina@gmail.com", "action_flag": 3, "change_message": ""}}, {"model": "admin.logentry", "pk": 223, "fields": {"action_time": "2023-11-06T13:20:12.757Z", "user": 1, "content_type": 16, "object_id": "144", "object_repr": "mina: mina@gmail.com", "action_flag": 3, "change_message": ""}}, {"model": "admin.logentry", "pk": 224, "fields": {"action_time": "2023-11-06T13:20:12.865Z", "user": 1, "content_type": 16, "object_id": "143", "object_repr": "mina: mina@gmail.com", "action_flag": 3, "change_message": ""}}, {"model": "admin.logentry", "pk": 225, "fields": {"action_time": "2023-11-06T13:20:12.973Z", "user": 1, "content_type": 16, "object_id": "142", "object_repr": "mina: mina@gmail.com", "action_flag": 3, "change_message": ""}}, {"model": "admin.logentry", "pk": 226, "fields": {"action_time": "2023-11-06T13:20:13.066Z", "user": 1, "content_type": 16, "object_id": "141", "object_repr": "mina: mina@gmail.com", "action_flag": 3, "change_message": ""}}, {"model": "admin.logentry", "pk": 227, "fields": {"action_time": "2023-11-06T13:20:13.166Z", "user": 1, "content_type": 16, "object_id": "140", "object_repr": "mina: mina@gmail.com", "action_flag": 3, "change_message": ""}}, {"model": "admin.logentry", "pk": 228, "fields": {"action_time": "2023-11-06T13:20:13.249Z", "user": 1, "content_type": 16, "object_id": "139", "object_repr": "mina: mina@gmail.com", "action_flag": 3, "change_message": ""}}, {"model": "admin.logentry", "pk": 229, "fields": {"action_time": "2023-11-06T13:20:13.350Z", "user": 1, "content_type": 16, "object_id": "138", "object_repr": "mina: mina@gmail.com", "action_flag": 3, "change_message": ""}}, {"model": "admin.logentry", "pk": 230, "fields": {"action_time": "2023-11-06T13:20:13.450Z", "user": 1, "content_type": 16, "object_id": "137", "object_repr": "mina: mina@gmail.com", "action_flag": 3, "change_message": ""}}, {"model": "admin.logentry", "pk": 231, "fields": {"action_time": "2023-11-06T13:20:13.550Z", "user": 1, "content_type": 16, "object_id": "136", "object_repr": "mina: mina@gmail.com", "action_flag": 3, "change_message": ""}}, {"model": "admin.logentry", "pk": 232, "fields": {"action_time": "2023-11-06T13:20:13.659Z", "user": 1, "content_type": 16, "object_id": "135", "object_repr": "mahi: mahi@gmail.com", "action_flag": 3, "change_message": ""}}, {"model": "admin.logentry", "pk": 233, "fields": {"action_time": "2023-11-06T13:20:13.754Z", "user": 1, "content_type": 16, "object_id": "134", "object_repr": "mahi: mahi@gmail.com", "action_flag": 3, "change_message": ""}}, {"model": "admin.logentry", "pk": 234, "fields": {"action_time": "2023-11-06T13:20:13.867Z", "user": 1, "content_type": 16, "object_id": "133", "object_repr": "mahi: mahi@gmail.com", "action_flag": 3, "change_message": ""}}, {"model": "admin.logentry", "pk": 235, "fields": {"action_time": "2023-11-06T13:20:18.788Z", "user": 1, "content_type": 16, "object_id": "154", "object_repr": "mina: mina@gmail.com", "action_flag": 3, "change_message": ""}}, {"model": "admin.logentry", "pk": 236, "fields": {"action_time": "2023-11-06T13:20:18.905Z", "user": 1, "content_type": 16, "object_id": "153", "object_repr": "mina: mina@gmail.com", "action_flag": 3, "change_message": ""}}, {"model": "admin.logentry", "pk": 237, "fields": {"action_time": "2023-11-06T13:20:19.023Z", "user": 1, "content_type": 16, "object_id": "152", "object_repr": "mina: mina@gmail.com", "action_flag": 3, "change_message": ""}}, {"model": "admin.logentry", "pk": 238, "fields": {"action_time": "2023-11-06T13:20:19.133Z", "user": 1, "content_type": 16, "object_id": "151", "object_repr": "mina: mina@gmail.com", "action_flag": 3, "change_message": ""}}, {"model": "admin.logentry", "pk": 239, "fields": {"action_time": "2023-11-06T13:20:19.240Z", "user": 1, "content_type": 16, "object_id": "150", "object_repr": "mina: mina@gmail.com", "action_flag": 3, "change_message": ""}}, {"model": "admin.logentry", "pk": 240, "fields": {"action_time": "2023-11-06T13:20:38.189Z", "user": 1, "content_type": 16, "object_id": "155", "object_repr": "mina: mina@gmail.com", "action_flag": 1, "change_message": "[{\"added\": {}}]"}}, {"model": "admin.logentry", "pk": 241, "fields": {"action_time": "2023-11-06T13:20:53.469Z", "user": 1, "content_type": 16, "object_id": "156", "object_repr": "mahi: mahi@gmail.com", "action_flag": 1, "change_message": "[{\"added\": {}}]"}}, {"model": "admin.logentry", "pk": 242, "fields": {"action_time": "2023-11-06T13:21:54.415Z", "user": 1, "content_type": 16, "object_id": "156", "object_repr": "mahi: mahi@gmail.com", "action_flag": 3, "change_message": ""}}, {"model": "admin.logentry", "pk": 243, "fields": {"action_time": "2023-11-06T13:22:02.758Z", "user": 1, "content_type": 16, "object_id": "155", "object_repr": "mina: mina@gmail.com", "action_flag": 3, "change_message": ""}}, {"model": "admin.logentry", "pk": 244, "fields": {"action_time": "2023-11-06T13:22:14.999Z", "user": 1, "content_type": 16, "object_id": "157", "object_repr": "mina: mina@gmail.com", "action_flag": 1, "change_message": "[{\"added\": {}}]"}}, {"model": "admin.logentry", "pk": 245, "fields": {"action_time": "2023-11-06T13:22:33.766Z", "user": 1, "content_type": 16, "object_id": "158", "object_repr": "mahi: mahi@gmail.com", "action_flag": 1, "change_message": "[{\"added\": {}}]"}}, {"model": "admin.logentry", "pk": 246, "fields": {"action_time": "2023-11-06T13:24:10.858Z", "user": 1, "content_type": 16, "object_id": "158", "object_repr": "mahi: mahi@gmail.com", "action_flag": 3, "change_message": ""}}, {"model": "admin.logentry", "pk": 247, "fields": {"action_time": "2023-11-06T13:24:18.928Z", "user": 1, "content_type": 16, "object_id": "159", "object_repr": "mahi: mahi@gmail.com", "action_flag": 1, "change_message": "[{\"added\": {}}]"}}, {"model": "admin.logentry", "pk": 248, "fields": {"action_time": "2023-11-06T13:28:35.091Z", "user": 1, "content_type": 16, "object_id": "162", "object_repr": "mina: mina@gmail.com", "action_flag": 3, "change_message": ""}}, {"model": "admin.logentry", "pk": 249, "fields": {"action_time": "2023-11-06T13:28:35.534Z", "user": 1, "content_type": 16, "object_id": "161", "object_repr": "mina: mina@gmail.com", "action_flag": 3, "change_message": ""}}, {"model": "admin.logentry", "pk": 250, "fields": {"action_time": "2023-11-06T13:28:35.633Z", "user": 1, "content_type": 16, "object_id": "160", "object_repr": "mina: mina@gmail.com", "action_flag": 3, "change_message": ""}}, {"model": "admin.logentry", "pk": 251, "fields": {"action_time": "2023-11-06T13:28:35.733Z", "user": 1, "content_type": 16, "object_id": "159", "object_repr": "mahi: mahi@gmail.com", "action_flag": 3, "change_message": ""}}, {"model": "admin.logentry", "pk": 252, "fields": {"action_time": "2023-11-06T13:28:35.841Z", "user": 1, "content_type": 16, "object_id": "157", "object_repr": "mina: mina@gmail.com", "action_flag": 3, "change_message": ""}}, {"model": "admin.logentry", "pk": 253, "fields": {"action_time": "2023-11-06T13:28:45.196Z", "user": 1, "content_type": 16, "object_id": "163", "object_repr": "bita: bita@gmail.com", "action_flag": 1, "change_message": "[{\"added\": {}}]"}}, {"model": "admin.logentry", "pk": 254, "fields": {"action_time": "2023-11-06T13:28:57.311Z", "user": 1, "content_type": 16, "object_id": "164", "object_repr": "fatemeh: fatemeh@gmail.com", "action_flag": 1, "change_message": "[{\"added\": {}}]"}}, {"model": "admin.logentry", "pk": 255, "fields": {"action_time": "2023-11-06T13:40:35.617Z", "user": 1, "content_type": 16, "object_id": "166", "object_repr": "hossein: hossein@gmail.com", "action_flag": 1, "change_message": "[{\"added\": {}}]"}}, {"model": "admin.logentry", "pk": 256, "fields": {"action_time": "2023-11-06T14:17:04.991Z", "user": 1, "content_type": 16, "object_id": "166", "object_repr": "hossein: hossein@gmail.com", "action_flag": 3, "change_message": ""}}, {"model": "admin.logentry", "pk": 257, "fields": {"action_time": "2023-11-06T14:17:05.172Z", "user": 1, "content_type": 16, "object_id": "165", "object_repr": "mina: mina@gmail.com", "action_flag": 3, "change_message": ""}}, {"model": "admin.logentry", "pk": 258, "fields": {"action_time": "2023-11-06T14:17:05.277Z", "user": 1, "content_type": 16, "object_id": "164", "object_repr": "fatemeh: fatemeh@gmail.com", "action_flag": 3, "change_message": ""}}, {"model": "admin.logentry", "pk": 259, "fields": {"action_time": "2023-11-06T14:17:05.400Z", "user": 1, "content_type": 16, "object_id": "163", "object_repr": "bita: bita@gmail.com", "action_flag": 3, "change_message": ""}}, {"model": "admin.logentry", "pk": 260, "fields": {"action_time": "2023-11-06T14:50:07.195Z", "user": 1, "content_type": 16, "object_id": "186", "object_repr": "mina: mina@gmail.com", "action_flag": 3, "change_message": ""}}, {"model": "admin.logentry", "pk": 261, "fields": {"action_time": "2023-11-06T14:50:07.347Z", "user": 1, "content_type": 16, "object_id": "185", "object_repr": "mina: mina@gmail.com", "action_flag": 3, "change_message": ""}}, {"model": "admin.logentry", "pk": 262, "fields": {"action_time": "2023-11-06T14:50:07.448Z", "user": 1, "content_type": 16, "object_id": "184", "object_repr": "mina: mina@gmail.com", "action_flag": 3, "change_message": ""}}, {"model": "admin.logentry", "pk": 263, "fields": {"action_time": "2023-11-06T14:50:07.561Z", "user": 1, "content_type": 16, "object_id": "183", "object_repr": "mina: mina@gmail.com", "action_flag": 3, "change_message": ""}}, {"model": "admin.logentry", "pk": 264, "fields": {"action_time": "2023-11-06T14:50:07.662Z", "user": 1, "content_type": 16, "object_id": "182", "object_repr": "mina: mina@gmail.com", "action_flag": 3, "change_message": ""}}, {"model": "admin.logentry", "pk": 265, "fields": {"action_time": "2023-11-06T14:50:07.780Z", "user": 1, "content_type": 16, "object_id": "181", "object_repr": "mina: mina@gmail.com", "action_flag": 3, "change_message": ""}}, {"model": "admin.logentry", "pk": 266, "fields": {"action_time": "2023-11-06T14:50:07.912Z", "user": 1, "content_type": 16, "object_id": "180", "object_repr": "mina: mina@gmail.com", "action_flag": 3, "change_message": ""}}, {"model": "admin.logentry", "pk": 267, "fields": {"action_time": "2023-11-06T14:50:08.026Z", "user": 1, "content_type": 16, "object_id": "179", "object_repr": "mina: mina@gmail.com", "action_flag": 3, "change_message": ""}}, {"model": "admin.logentry", "pk": 268, "fields": {"action_time": "2023-11-06T14:50:08.145Z", "user": 1, "content_type": 16, "object_id": "178", "object_repr": "mina: mina@gmail.com", "action_flag": 3, "change_message": ""}}, {"model": "admin.logentry", "pk": 269, "fields": {"action_time": "2023-11-06T14:50:08.265Z", "user": 1, "content_type": 16, "object_id": "177", "object_repr": "mina: mina@gmail.com", "action_flag": 3, "change_message": ""}}, {"model": "admin.logentry", "pk": 270, "fields": {"action_time": "2023-11-06T14:50:08.378Z", "user": 1, "content_type": 16, "object_id": "176", "object_repr": "mina: mina@gmail.com", "action_flag": 3, "change_message": ""}}, {"model": "admin.logentry", "pk": 271, "fields": {"action_time": "2023-11-06T14:50:08.495Z", "user": 1, "content_type": 16, "object_id": "175", "object_repr": "mina: mina@gmail.com", "action_flag": 3, "change_message": ""}}, {"model": "admin.logentry", "pk": 272, "fields": {"action_time": "2023-11-06T14:50:08.629Z", "user": 1, "content_type": 16, "object_id": "174", "object_repr": "mina: mina@gmail.com", "action_flag": 3, "change_message": ""}}, {"model": "admin.logentry", "pk": 273, "fields": {"action_time": "2023-11-06T14:50:08.728Z", "user": 1, "content_type": 16, "object_id": "173", "object_repr": "mina: mina@gmail.com", "action_flag": 3, "change_message": ""}}, {"model": "admin.logentry", "pk": 274, "fields": {"action_time": "2023-11-06T14:50:08.835Z", "user": 1, "content_type": 16, "object_id": "172", "object_repr": "mina: mina@gmail.com", "action_flag": 3, "change_message": ""}}, {"model": "admin.logentry", "pk": 275, "fields": {"action_time": "2023-11-06T14:50:08.928Z", "user": 1, "content_type": 16, "object_id": "171", "object_repr": "mina: mina@gmail.com", "action_flag": 3, "change_message": ""}}, {"model": "admin.logentry", "pk": 276, "fields": {"action_time": "2023-11-06T14:50:09.027Z", "user": 1, "content_type": 16, "object_id": "170", "object_repr": "mina: mina@gmail.com", "action_flag": 3, "change_message": ""}}, {"model": "admin.logentry", "pk": 277, "fields": {"action_time": "2023-11-06T14:50:09.129Z", "user": 1, "content_type": 16, "object_id": "169", "object_repr": "mina: mina@gmail.com", "action_flag": 3, "change_message": ""}}, {"model": "admin.logentry", "pk": 278, "fields": {"action_time": "2023-11-06T14:50:09.227Z", "user": 1, "content_type": 16, "object_id": "168", "object_repr": "mina: mina@gmail.com", "action_flag": 3, "change_message": ""}}, {"model": "admin.logentry", "pk": 279, "fields": {"action_time": "2023-11-06T14:50:09.319Z", "user": 1, "content_type": 16, "object_id": "167", "object_repr": "mina: mina@gmail.com", "action_flag": 3, "change_message": ""}}, {"model": "admin.logentry", "pk": 280, "fields": {"action_time": "2023-11-08T13:50:25.879Z", "user": 1, "content_type": 16, "object_id": "202", "object_repr": "mina: mina@gmail.com", "action_flag": 3, "change_message": ""}}, {"model": "admin.logentry", "pk": 281, "fields": {"action_time": "2023-11-08T13:50:26.027Z", "user": 1, "content_type": 16, "object_id": "201", "object_repr": "mina: mina@gmail.com", "action_flag": 3, "change_message": ""}}, {"model": "admin.logentry", "pk": 282, "fields": {"action_time": "2023-11-08T13:50:26.155Z", "user": 1, "content_type": 16, "object_id": "200", "object_repr": "mina: mina@gmail.com", "action_flag": 3, "change_message": ""}}, {"model": "admin.logentry", "pk": 283, "fields": {"action_time": "2023-11-08T13:50:26.271Z", "user": 1, "content_type": 16, "object_id": "199", "object_repr": "mina: mina@gmail.com", "action_flag": 3, "change_message": ""}}, {"model": "admin.logentry", "pk": 284, "fields": {"action_time": "2023-11-08T13:50:26.380Z", "user": 1, "content_type": 16, "object_id": "198", "object_repr": "mina: mina@gmail.com", "action_flag": 3, "change_message": ""}}, {"model": "admin.logentry", "pk": 285, "fields": {"action_time": "2023-11-08T13:50:26.488Z", "user": 1, "content_type": 16, "object_id": "197", "object_repr": "mina: mina@gmail.com", "action_flag": 3, "change_message": ""}}, {"model": "admin.logentry", "pk": 286, "fields": {"action_time": "2023-11-08T13:50:26.604Z", "user": 1, "content_type": 16, "object_id": "196", "object_repr": "mina: mina@gmail.com", "action_flag": 3, "change_message": ""}}, {"model": "admin.logentry", "pk": 287, "fields": {"action_time": "2023-11-08T13:50:26.696Z", "user": 1, "content_type": 16, "object_id": "195", "object_repr": "mina: mina@gmail.com", "action_flag": 3, "change_message": ""}}, {"model": "admin.logentry", "pk": 288, "fields": {"action_time": "2023-11-08T13:50:26.796Z", "user": 1, "content_type": 16, "object_id": "194", "object_repr": "mina: mina@gmail.com", "action_flag": 3, "change_message": ""}}, {"model": "admin.logentry", "pk": 289, "fields": {"action_time": "2023-11-08T13:50:26.888Z", "user": 1, "content_type": 16, "object_id": "193", "object_repr": "mina: mina@gmail.com", "action_flag": 3, "change_message": ""}}, {"model": "admin.logentry", "pk": 290, "fields": {"action_time": "2023-11-08T13:50:26.988Z", "user": 1, "content_type": 16, "object_id": "192", "object_repr": "mina: mina@gmail.com", "action_flag": 3, "change_message": ""}}, {"model": "admin.logentry", "pk": 291, "fields": {"action_time": "2023-11-08T13:50:27.078Z", "user": 1, "content_type": 16, "object_id": "191", "object_repr": "mina: mina@gmail.com", "action_flag": 3, "change_message": ""}}, {"model": "admin.logentry", "pk": 292, "fields": {"action_time": "2023-11-08T13:50:27.197Z", "user": 1, "content_type": 16, "object_id": "190", "object_repr": "mina: mina@gmail.com", "action_flag": 3, "change_message": ""}}, {"model": "admin.logentry", "pk": 293, "fields": {"action_time": "2023-11-08T13:50:27.288Z", "user": 1, "content_type": 16, "object_id": "189", "object_repr": "mina: mina@gmail.com", "action_flag": 3, "change_message": ""}}, {"model": "admin.logentry", "pk": 294, "fields": {"action_time": "2023-11-08T13:50:27.378Z", "user": 1, "content_type": 16, "object_id": "188", "object_repr": "mina: mina@gmail.com", "action_flag": 3, "change_message": ""}}, {"model": "admin.logentry", "pk": 295, "fields": {"action_time": "2023-11-08T13:50:27.522Z", "user": 1, "content_type": 16, "object_id": "187", "object_repr": "mina: mina@gmail.com", "action_flag": 3, "change_message": ""}}, {"model": "admin.logentry", "pk": 296, "fields": {"action_time": "2023-11-13T08:57:24.782Z", "user": 1, "content_type": 16, "object_id": "218", "object_repr": "mina: mina@gmail.com", "action_flag": 3, "change_message": ""}}, {"model": "admin.logentry", "pk": 297, "fields": {"action_time": "2023-11-13T08:57:24.916Z", "user": 1, "content_type": 16, "object_id": "217", "object_repr": "mina: mina@gmail.com", "action_flag": 3, "change_message": ""}}, {"model": "admin.logentry", "pk": 298, "fields": {"action_time": "2023-11-13T08:57:25.018Z", "user": 1, "content_type": 16, "object_id": "216", "object_repr": "mina: mina@gmail.com", "action_flag": 3, "change_message": ""}}, {"model": "admin.logentry", "pk": 299, "fields": {"action_time": "2023-11-13T08:57:25.127Z", "user": 1, "content_type": 16, "object_id": "215", "object_repr": "mina: mina@gmail.com", "action_flag": 3, "change_message": ""}}, {"model": "admin.logentry", "pk": 300, "fields": {"action_time": "2023-11-13T08:57:25.253Z", "user": 1, "content_type": 16, "object_id": "214", "object_repr": "mina: mina@gmail.com", "action_flag": 3, "change_message": ""}}, {"model": "admin.logentry", "pk": 301, "fields": {"action_time": "2023-11-13T08:57:25.377Z", "user": 1, "content_type": 16, "object_id": "213", "object_repr": "mina: mina@gmail.com", "action_flag": 3, "change_message": ""}}, {"model": "admin.logentry", "pk": 302, "fields": {"action_time": "2023-11-13T08:57:25.477Z", "user": 1, "content_type": 16, "object_id": "212", "object_repr": "mina: mina@gmail.com", "action_flag": 3, "change_message": ""}}, {"model": "admin.logentry", "pk": 303, "fields": {"action_time": "2023-11-13T08:57:25.582Z", "user": 1, "content_type": 16, "object_id": "211", "object_repr": "mina: mina@gmail.com", "action_flag": 3, "change_message": ""}}, {"model": "admin.logentry", "pk": 304, "fields": {"action_time": "2023-11-13T08:57:25.694Z", "user": 1, "content_type": 16, "object_id": "210", "object_repr": "mina: mina@gmail.com", "action_flag": 3, "change_message": ""}}, {"model": "admin.logentry", "pk": 305, "fields": {"action_time": "2023-11-13T08:57:25.785Z", "user": 1, "content_type": 16, "object_id": "209", "object_repr": "mina: mina@gmail.com", "action_flag": 3, "change_message": ""}}, {"model": "admin.logentry", "pk": 306, "fields": {"action_time": "2023-11-13T08:57:25.883Z", "user": 1, "content_type": 16, "object_id": "208", "object_repr": "mina: mina@gmail.com", "action_flag": 3, "change_message": ""}}, {"model": "admin.logentry", "pk": 307, "fields": {"action_time": "2023-11-13T08:57:26.002Z", "user": 1, "content_type": 16, "object_id": "207", "object_repr": "mina: mina@gmail.com", "action_flag": 3, "change_message": ""}}, {"model": "admin.logentry", "pk": 308, "fields": {"action_time": "2023-11-13T08:57:26.097Z", "user": 1, "content_type": 16, "object_id": "206", "object_repr": "mina: mina@gmail.com", "action_flag": 3, "change_message": ""}}, {"model": "admin.logentry", "pk": 309, "fields": {"action_time": "2023-11-13T08:57:26.219Z", "user": 1, "content_type": 16, "object_id": "205", "object_repr": "mina: mina@gmail.com", "action_flag": 3, "change_message": ""}}, {"model": "admin.logentry", "pk": 310, "fields": {"action_time": "2023-11-13T08:57:26.331Z", "user": 1, "content_type": 16, "object_id": "204", "object_repr": "mina: mina@gmail.com", "action_flag": 3, "change_message": ""}}, {"model": "admin.logentry", "pk": 311, "fields": {"action_time": "2023-11-13T08:57:26.451Z", "user": 1, "content_type": 16, "object_id": "203", "object_repr": "mina: mina@gmail.com", "action_flag": 3, "change_message": ""}}, {"model": "admin.logentry", "pk": 312, "fields": {"action_time": "2023-11-15T07:38:51.035Z", "user": 1, "content_type": 14, "object_id": "2", "object_repr": "Fresh Coffee", "action_flag": 2, "change_message": "[{\"added\": {\"name\": \"product images\", \"object\": \"ProductImages object (11)\"}}]"}}, {"model": "admin.logentry", "pk": 313, "fields": {"action_time": "2023-11-29T09:59:25.465Z", "user": 1, "content_type": 15, "object_id": "1", "object_repr": "CartOrder object (1)", "action_flag": 1, "change_message": "[{\"added\": {}}]"}}, {"model": "admin.logentry", "pk": 314, "fields": {"action_time": "2023-12-10T14:38:03.607Z", "user": 1, "content_type": 15, "object_id": "2", "object_repr": "CartOrder object (2)", "action_flag": 2, "change_message": "[{\"changed\": {\"fields\": [\"Product status\"]}}]"}}, {"model": "admin.logentry", "pk": 315, "fields": {"action_time": "2023-12-10T14:38:03.607Z", "user": 1, "content_type": 15, "object_id": "1", "object_repr": "CartOrder object (1)", "action_flag": 2, "change_message": "[{\"changed\": {\"fields\": [\"Product status\"]}}]"}}, {"model": "admin.logentry", "pk": 316, "fields": {"action_time": "2023-12-12T09:02:47.830Z", "user": 1, "content_type": 11, "object_id": "4", "object_repr": "CartOrderItems object (4)", "action_flag": 3, "change_message": ""}}, {"model": "admin.logentry", "pk": 317, "fields": {"action_time": "2023-12-12T09:02:47.993Z", "user": 1, "content_type": 11, "object_id": "3", "object_repr": "CartOrderItems object (3)", "action_flag": 3, "change_message": ""}}, {"model": "admin.logentry", "pk": 318, "fields": {"action_time": "2023-12-12T09:02:48.131Z", "user": 1, "content_type": 11, "object_id": "2", "object_repr": "CartOrderItems object (2)", "action_flag": 3, "change_message": ""}}, {"model": "admin.logentry", "pk": 319, "fields": {"action_time": "2023-12-12T09:02:48.257Z", "user": 1, "content_type": 11, "object_id": "1", "object_repr": "CartOrderItems object (1)", "action_flag": 3, "change_message": ""}}, {"model": "admin.logentry", "pk": 320, "fields": {"action_time": "2023-12-12T09:04:00.456Z", "user": 1, "content_type": 15, "object_id": "5", "object_repr": "CartOrder object (5)", "action_flag": 3, "change_message": ""}}, {"model": "admin.logentry", "pk": 321, "fields": {"action_time": "2023-12-12T09:04:00.597Z", "user": 1, "content_type": 15, "object_id": "4", "object_repr": "CartOrder object (4)", "action_flag": 3, "change_message": ""}}, {"model": "admin.logentry", "pk": 322, "fields": {"action_time": "2023-12-12T09:04:00.729Z", "user": 1, "content_type": 15, "object_id": "3", "object_repr": "CartOrder object (3)", "action_flag": 3, "change_message": ""}}, {"model": "admin.logentry", "pk": 323, "fields": {"action_time": "2023-12-12T09:04:00.838Z", "user": 1, "content_type": 15, "object_id": "2", "object_repr": "CartOrder object (2)", "action_flag": 3, "change_message": ""}}, {"model": "admin.logentry", "pk": 324, "fields": {"action_time": "2023-12-12T09:04:00.947Z", "user": 1, "content_type": 15, "object_id": "1", "object_repr": "CartOrder object (1)", "action_flag": 3, "change_message": ""}}, {"model": "admin.logentry", "pk": 325, "fields": {"action_time": "2023-12-12T09:11:32.695Z", "user": 1, "content_type": 11, "object_id": "16", "object_repr": "CartOrderItems object (16)", "action_flag": 3, "change_message": ""}}, {"model": "admin.logentry", "pk": 326, "fields": {"action_time": "2023-12-12T09:11:32.842Z", "user": 1, "content_type": 11, "object_id": "15", "object_repr": "CartOrderItems object (15)", "action_flag": 3, "change_message": ""}}, {"model": "admin.logentry", "pk": 327, "fields": {"action_time": "2023-12-12T09:11:32.958Z", "user": 1, "content_type": 11, "object_id": "14", "object_repr": "CartOrderItems object (14)", "action_flag": 3, "change_message": ""}}, {"model": "admin.logentry", "pk": 328, "fields": {"action_time": "2023-12-12T09:11:33.074Z", "user": 1, "content_type": 11, "object_id": "13", "object_repr": "CartOrderItems object (13)", "action_flag": 3, "change_message": ""}}, {"model": "admin.logentry", "pk": 329, "fields": {"action_time": "2023-12-12T09:11:33.208Z", "user": 1, "content_type": 11, "object_id": "12", "object_repr": "CartOrderItems object (12)", "action_flag": 3, "change_message": ""}}, {"model": "admin.logentry", "pk": 330, "fields": {"action_time": "2023-12-12T09:11:33.316Z", "user": 1, "content_type": 11, "object_id": "11", "object_repr": "CartOrderItems object (11)", "action_flag": 3, "change_message": ""}}, {"model": "admin.logentry", "pk": 331, "fields": {"action_time": "2023-12-12T09:11:33.425Z", "user": 1, "content_type": 11, "object_id": "10", "object_repr": "CartOrderItems object (10)", "action_flag": 3, "change_message": ""}}, {"model": "admin.logentry", "pk": 332, "fields": {"action_time": "2023-12-12T09:11:33.541Z", "user": 1, "content_type": 11, "object_id": "9", "object_repr": "CartOrderItems object (9)", "action_flag": 3, "change_message": ""}}, {"model": "admin.logentry", "pk": 333, "fields": {"action_time": "2023-12-12T09:14:22.531Z", "user": 1, "content_type": 11, "object_id": "20", "object_repr": "CartOrderItems object (20)", "action_flag": 3, "change_message": ""}}, {"model": "admin.logentry", "pk": 334, "fields": {"action_time": "2023-12-12T09:14:22.683Z", "user": 1, "content_type": 11, "object_id": "19", "object_repr": "CartOrderItems object (19)", "action_flag": 3, "change_message": ""}}, {"model": "admin.logentry", "pk": 335, "fields": {"action_time": "2023-12-12T09:14:22.815Z", "user": 1, "content_type": 11, "object_id": "18", "object_repr": "CartOrderItems object (18)", "action_flag": 3, "change_message": ""}}, {"model": "admin.logentry", "pk": 336, "fields": {"action_time": "2023-12-12T09:14:22.940Z", "user": 1, "content_type": 11, "object_id": "17", "object_repr": "CartOrderItems object (17)", "action_flag": 3, "change_message": ""}}, {"model": "admin.logentry", "pk": 337, "fields": {"action_time": "2023-12-12T10:42:47.945Z", "user": 1, "content_type": 15, "object_id": "12", "object_repr": "CartOrder object (12)", "action_flag": 3, "change_message": ""}}, {"model": "admin.logentry", "pk": 338, "fields": {"action_time": "2023-12-12T10:42:48.106Z", "user": 1, "content_type": 15, "object_id": "11", "object_repr": "CartOrder object (11)", "action_flag": 3, "change_message": ""}}, {"model": "admin.logentry", "pk": 339, "fields": {"action_time": "2023-12-12T10:42:48.228Z", "user": 1, "content_type": 15, "object_id": "10", "object_repr": "CartOrder object (10)", "action_flag": 3, "change_message": ""}}, {"model": "admin.logentry", "pk": 340, "fields": {"action_time": "2023-12-12T10:42:48.354Z", "user": 1, "content_type": 15, "object_id": "9", "object_repr": "CartOrder object (9)", "action_flag": 3, "change_message": ""}}, {"model": "admin.logentry", "pk": 341, "fields": {"action_time": "2023-12-12T10:42:48.471Z", "user": 1, "content_type": 15, "object_id": "8", "object_repr": "CartOrder object (8)", "action_flag": 3, "change_message": ""}}, {"model": "admin.logentry", "pk": 342, "fields": {"action_time": "2023-12-12T10:42:48.588Z", "user": 1, "content_type": 15, "object_id": "7", "object_repr": "CartOrder object (7)", "action_flag": 3, "change_message": ""}}, {"model": "admin.logentry", "pk": 343, "fields": {"action_time": "2023-12-12T10:42:48.712Z", "user": 1, "content_type": 15, "object_id": "6", "object_repr": "CartOrder object (6)", "action_flag": 3, "change_message": ""}}, {"model": "admin.logentry", "pk": 344, "fields": {"action_time": "2023-12-13T08:25:35.362Z", "user": 1, "content_type": 12, "object_id": "1", "object_repr": "Address object (1)", "action_flag": 2, "change_message": "[{\"changed\": {\"fields\": [\"Mobile\"]}}]"}}, {"model": "admin.logentry", "pk": 345, "fields": {"action_time": "2023-12-18T08:24:33.362Z", "user": 1, "content_type": 10, "object_id": "4", "object_repr": "Peanut", "action_flag": 3, "change_message": ""}}, {"model": "admin.logentry", "pk": 346, "fields": {"action_time": "2023-12-18T08:24:33.506Z", "user": 1, "content_type": 10, "object_id": "3", "object_repr": "Fresh Mango", "action_flag": 3, "change_message": ""}}, {"model": "admin.logentry", "pk": 347, "fields": {"action_time": "2023-12-18T08:24:33.589Z", "user": 1, "content_type": 10, "object_id": "2", "object_repr": "Fresh Coffee", "action_flag": 3, "change_message": ""}}, {"model": "admin.logentry", "pk": 348, "fields": {"action_time": "2023-12-18T08:24:33.674Z", "user": 1, "content_type": 10, "object_id": "1", "object_repr": "Vitamin C face serum", "action_flag": 3, "change_message": ""}}, {"model": "admin.logentry", "pk": 349, "fields": {"action_time": "2023-12-18T10:26:47.246Z", "user": 1, "content_type": 14, "object_id": "4", "object_repr": "Fresh Mango", "action_flag": 2, "change_message": "[{\"changed\": {\"fields\": [\"In stock\"]}}]"}}, {"model": "admin.logentry", "pk": 350, "fields": {"action_time": "2023-12-18T11:37:46.887Z", "user": 1, "content_type": 21, "object_id": "1", "object_repr": "Mina Jalili", "action_flag": 1, "change_message": "[{\"added\": {}}]"}}, {"model": "admin.logentry", "pk": 351, "fields": {"action_time": "2023-12-18T11:56:08.327Z", "user": 1, "content_type": 21, "object_id": "1", "object_repr": "Mina Jalili", "action_flag": 3, "change_message": ""}}, {"model": "admin.logentry", "pk": 352, "fields": {"action_time": "2023-12-18T11:58:17.555Z", "user": 1, "content_type": 21, "object_id": "2", "object_repr": "Mina Jalili", "action_flag": 1, "change_message": "[{\"added\": {}}]"}}, {"model": "admin.logentry", "pk": 353, "fields": {"action_time": "2023-12-19T07:16:05.904Z", "user": 1, "content_type": 21, "object_id": "2", "object_repr": "Mina Jalili", "action_flag": 2, "change_message": "[{\"changed\": {\"fields\": [\"Image\"]}}]"}}, {"model": "admin.logentry", "pk": 354, "fields": {"action_time": "2023-12-19T09:42:33.757Z", "user": 1, "content_type": 15, "object_id": "21", "object_repr": "CartOrder object (21)", "action_flag": 2, "change_message": "[{\"changed\": {\"fields\": [\"Order date\", \"Product status\"]}}]"}}, {"model": "admin.logentry", "pk": 355, "fields": {"action_time": "2023-12-19T10:04:15.487Z", "user": 1, "content_type": 15, "object_id": "21", "object_repr": "CartOrder object (21)", "action_flag": 3, "change_message": ""}}, {"model": "admin.logentry", "pk": 356, "fields": {"action_time": "2023-12-19T10:04:15.672Z", "user": 1, "content_type": 15, "object_id": "20", "object_repr": "CartOrder object (20)", "action_flag": 3, "change_message": ""}}, {"model": "admin.logentry", "pk": 357, "fields": {"action_time": "2023-12-19T10:04:15.795Z", "user": 1, "content_type": 15, "object_id": "19", "object_repr": "CartOrder object (19)", "action_flag": 3, "change_message": ""}}, {"model": "admin.logentry", "pk": 358, "fields": {"action_time": "2023-12-19T10:04:15.931Z", "user": 1, "content_type": 15, "object_id": "18", "object_repr": "CartOrder object (18)", "action_flag": 3, "change_message": ""}}, {"model": "admin.logentry", "pk": 359, "fields": {"action_time": "2023-12-19T10:04:16.046Z", "user": 1, "content_type": 15, "object_id": "17", "object_repr": "CartOrder object (17)", "action_flag": 3, "change_message": ""}}, {"model": "admin.logentry", "pk": 360, "fields": {"action_time": "2023-12-19T10:04:16.172Z", "user": 1, "content_type": 15, "object_id": "16", "object_repr": "CartOrder object (16)", "action_flag": 3, "change_message": ""}}, {"model": "admin.logentry", "pk": 361, "fields": {"action_time": "2023-12-19T10:04:16.280Z", "user": 1, "content_type": 15, "object_id": "15", "object_repr": "CartOrder object (15)", "action_flag": 3, "change_message": ""}}, {"model": "admin.logentry", "pk": 362, "fields": {"action_time": "2023-12-19T10:04:16.388Z", "user": 1, "content_type": 15, "object_id": "14", "object_repr": "CartOrder object (14)", "action_flag": 3, "change_message": ""}}, {"model": "admin.logentry", "pk": 363, "fields": {"action_time": "2023-12-19T10:04:16.488Z", "user": 1, "content_type": 15, "object_id": "13", "object_repr": "CartOrder object (13)", "action_flag": 3, "change_message": ""}}, {"model": "admin.logentry", "pk": 364, "fields": {"action_time": "2023-12-19T10:06:09.508Z", "user": 1, "content_type": 15, "object_id": "1", "object_repr": "CartOrder object (1)", "action_flag": 3, "change_message": ""}}, {"model": "admin.logentry", "pk": 365, "fields": {"action_time": "2023-12-19T14:50:55.877Z", "user": 1, "content_type": 21, "object_id": "2", "object_repr": "d Jalili", "action_flag": 2, "change_message": "[{\"changed\": {\"fields\": [\"Image\"]}}]"}}, {"model": "admin.logentry", "pk": 366, "fields": {"action_time": "2023-12-20T07:33:06.248Z", "user": 1, "content_type": 21, "object_id": "2", "object_repr": "mina Jalii", "action_flag": 2, "change_message": "[{\"changed\": {\"fields\": [\"Email\", \"Phone\", \"Full name\"]}}]"}}, {"model": "admin.logentry", "pk": 367, "fields": {"action_time": "2023-12-20T07:33:37.605Z", "user": 1, "content_type": 21, "object_id": "2", "object_repr": "mina Jalii", "action_flag": 3, "change_message": ""}}, {"model": "admin.logentry", "pk": 368, "fields": {"action_time": "2024-02-14T10:24:24.155Z", "user": 1, "content_type": 23, "object_id": "4", "object_repr": "USWDS", "action_flag": 2, "change_message": "[{\"changed\": {\"fields\": [\"Name\"]}}]"}}, {"model": "admin.logentry", "pk": 369, "fields": {"action_time": "2024-02-14T10:26:47.245Z", "user": 1, "content_type": 23, "object_id": "4", "object_repr": "USWDS", "action_flag": 2, "change_message": "[{\"changed\": {\"fields\": [\"Logo\"]}}]"}}, {"model": "admin.logentry", "pk": 370, "fields": {"action_time": "2024-02-14T10:26:56.296Z", "user": 1, "content_type": 23, "object_id": "4", "object_repr": "USWDS", "action_flag": 2, "change_message": "[{\"changed\": {\"fields\": [\"Logo\"]}}]"}}, {"model": "admin.logentry", "pk": 371, "fields": {"action_time": "2024-02-14T10:27:37.868Z", "user": 1, "content_type": 15, "object_id": "3", "object_repr": "CartOrder object (3)", "action_flag": 2, "change_message": "[{\"changed\": {\"fields\": [\"Product status\"]}}]"}}, {"model": "admin.logentry", "pk": 372, "fields": {"action_time": "2024-02-14T10:27:37.869Z", "user": 1, "content_type": 15, "object_id": "2", "object_repr": "CartOrder object (2)", "action_flag": 2, "change_message": "[{\"changed\": {\"fields\": [\"Product status\"]}}]"}}, {"model": "admin.logentry", "pk": 373, "fields": {"action_time": "2024-02-14T10:28:07.910Z", "user": 1, "content_type": 15, "object_id": "2", "object_repr": "CartOrder object (2)", "action_flag": 2, "change_message": "[{\"changed\": {\"fields\": [\"Product status\"]}}]"}}, {"model": "admin.logentry", "pk": 374, "fields": {"action_time": "2024-02-19T12:04:02.177Z", "user": 1, "content_type": 21, "object_id": "4", "object_repr": "Homina", "action_flag": 2, "change_message": "[{\"changed\": {\"fields\": [\"Verified\", \"Is vendor\"]}}]"}}, {"model": "auth.permission", "pk": 1, "fields": {"name": "Can add log entry", "content_type": 1, "codename": "add_logentry"}}, {"model": "auth.permission", "pk": 2, "fields": {"name": "Can change log entry", "content_type": 1, "codename": "change_logentry"}}, {"model": "auth.permission", "pk": 3, "fields": {"name": "Can delete log entry", "content_type": 1, "codename": "delete_logentry"}}, {"model": "auth.permission", "pk": 4, "fields": {"name": "Can view log entry", "content_type": 1, "codename": "view_logentry"}}, {"model": "auth.permission", "pk": 5, "fields": {"name": "Can add permission", "content_type": 2, "codename": "add_permission"}}, {"model": "auth.permission", "pk": 6, "fields": {"name": "Can change permission", "content_type": 2, "codename": "change_permission"}}, {"model": "auth.permission", "pk": 7, "fields": {"name": "Can delete permission", "content_type": 2, "codename": "delete_permission"}}, {"model": "auth.permission", "pk": 8, "fields": {"name": "Can view permission", "content_type": 2, "codename": "view_permission"}}, {"model": "auth.permission", "pk": 9, "fields": {"name": "Can add group", "content_type": 3, "codename": "add_group"}}, {"model": "auth.permission", "pk": 10, "fields": {"name": "Can change group", "content_type": 3, "codename": "change_group"}}, {"model": "auth.permission", "pk": 11, "fields": {"name": "Can delete group", "content_type": 3, "codename": "delete_group"}}, {"model": "auth.permission", "pk": 12, "fields": {"name": "Can view group", "content_type": 3, "codename": "view_group"}}, {"model": "auth.permission", "pk": 13, "fields": {"name": "Can add content type", "content_type": 4, "codename": "add_contenttype"}}, {"model": "auth.permission", "pk": 14, "fields": {"name": "Can change content type", "content_type": 4, "codename": "change_contenttype"}}, {"model": "auth.permission", "pk": 15, "fields": {"name": "Can delete content type", "content_type": 4, "codename": "delete_contenttype"}}, {"model": "auth.permission", "pk": 16, "fields": {"name": "Can view content type", "content_type": 4, "codename": "view_contenttype"}}, {"model": "auth.permission", "pk": 17, "fields": {"name": "Can add session", "content_type": 5, "codename": "add_session"}}, {"model": "auth.permission", "pk": 18, "fields": {"name": "Can change session", "content_type": 5, "codename": "change_session"}}, {"model": "auth.permission", "pk": 19, "fields": {"name": "Can delete session", "content_type": 5, "codename": "delete_session"}}, {"model": "auth.permission", "pk": 20, "fields": {"name": "Can view session", "content_type": 5, "codename": "view_session"}}, {"model": "auth.permission", "pk": 21, "fields": {"name": "Can add user", "content_type": 6, "codename": "add_user"}}, {"model": "auth.permission", "pk": 22, "fields": {"name": "Can change user", "content_type": 6, "codename": "change_user"}}, {"model": "auth.permission", "pk": 23, "fields": {"name": "Can delete user", "content_type": 6, "codename": "delete_user"}}, {"model": "auth.permission", "pk": 24, "fields": {"name": "Can view user", "content_type": 6, "codename": "view_user"}}, {"model": "auth.permission", "pk": 25, "fields": {"name": "Can add product images", "content_type": 7, "codename": "add_productimages"}}, {"model": "auth.permission", "pk": 26, "fields": {"name": "Can change product images", "content_type": 7, "codename": "change_productimages"}}, {"model": "auth.permission", "pk": 27, "fields": {"name": "Can delete product images", "content_type": 7, "codename": "delete_productimages"}}, {"model": "auth.permission", "pk": 28, "fields": {"name": "Can view product images", "content_type": 7, "codename": "view_productimages"}}, {"model": "auth.permission", "pk": 29, "fields": {"name": "Can add tags", "content_type": 8, "codename": "add_tags"}}, {"model": "auth.permission", "pk": 30, "fields": {"name": "Can change tags", "content_type": 8, "codename": "change_tags"}}, {"model": "auth.permission", "pk": 31, "fields": {"name": "Can delete tags", "content_type": 8, "codename": "delete_tags"}}, {"model": "auth.permission", "pk": 32, "fields": {"name": "Can view tags", "content_type": 8, "codename": "view_tags"}}, {"model": "auth.permission", "pk": 33, "fields": {"name": "Can add vendor", "content_type": 9, "codename": "add_vendor"}}, {"model": "auth.permission", "pk": 34, "fields": {"name": "Can change vendor", "content_type": 9, "codename": "change_vendor"}}, {"model": "auth.permission", "pk": 35, "fields": {"name": "Can delete vendor", "content_type": 9, "codename": "delete_vendor"}}, {"model": "auth.permission", "pk": 36, "fields": {"name": "Can view vendor", "content_type": 9, "codename": "view_vendor"}}, {"model": "auth.permission", "pk": 37, "fields": {"name": "Can add wishlist", "content_type": 10, "codename": "add_wishlist"}}, {"model": "auth.permission", "pk": 38, "fields": {"name": "Can change wishlist", "content_type": 10, "codename": "change_wishlist"}}, {"model": "auth.permission", "pk": 39, "fields": {"name": "Can delete wishlist", "content_type": 10, "codename": "delete_wishlist"}}, {"model": "auth.permission", "pk": 40, "fields": {"name": "Can view wishlist", "content_type": 10, "codename": "view_wishlist"}}, {"model": "auth.permission", "pk": 41, "fields": {"name": "Can add cart order items", "content_type": 11, "codename": "add_cartorderitems"}}, {"model": "auth.permission", "pk": 42, "fields": {"name": "Can change cart order items", "content_type": 11, "codename": "change_cartorderitems"}}, {"model": "auth.permission", "pk": 43, "fields": {"name": "Can delete cart order items", "content_type": 11, "codename": "delete_cartorderitems"}}, {"model": "auth.permission", "pk": 44, "fields": {"name": "Can view cart order items", "content_type": 11, "codename": "view_cartorderitems"}}, {"model": "auth.permission", "pk": 45, "fields": {"name": "Can add address", "content_type": 12, "codename": "add_address"}}, {"model": "auth.permission", "pk": 46, "fields": {"name": "Can change address", "content_type": 12, "codename": "change_address"}}, {"model": "auth.permission", "pk": 47, "fields": {"name": "Can delete address", "content_type": 12, "codename": "delete_address"}}, {"model": "auth.permission", "pk": 48, "fields": {"name": "Can view address", "content_type": 12, "codename": "view_address"}}, {"model": "auth.permission", "pk": 49, "fields": {"name": "Can add category", "content_type": 13, "codename": "add_category"}}, {"model": "auth.permission", "pk": 50, "fields": {"name": "Can change category", "content_type": 13, "codename": "change_category"}}, {"model": "auth.permission", "pk": 51, "fields": {"name": "Can delete category", "content_type": 13, "codename": "delete_category"}}, {"model": "auth.permission", "pk": 52, "fields": {"name": "Can view category", "content_type": 13, "codename": "view_category"}}, {"model": "auth.permission", "pk": 53, "fields": {"name": "Can add product", "content_type": 14, "codename": "add_product"}}, {"model": "auth.permission", "pk": 54, "fields": {"name": "Can change product", "content_type": 14, "codename": "change_product"}}, {"model": "auth.permission", "pk": 55, "fields": {"name": "Can delete product", "content_type": 14, "codename": "delete_product"}}, {"model": "auth.permission", "pk": 56, "fields": {"name": "Can view product", "content_type": 14, "codename": "view_product"}}, {"model": "auth.permission", "pk": 57, "fields": {"name": "Can add cart order", "content_type": 15, "codename": "add_cartorder"}}, {"model": "auth.permission", "pk": 58, "fields": {"name": "Can change cart order", "content_type": 15, "codename": "change_cartorder"}}, {"model": "auth.permission", "pk": 59, "fields": {"name": "Can delete cart order", "content_type": 15, "codename": "delete_cartorder"}}, {"model": "auth.permission", "pk": 60, "fields": {"name": "Can view cart order", "content_type": 15, "codename": "view_cartorder"}}, {"model": "auth.permission", "pk": 61, "fields": {"name": "Can add product review", "content_type": 16, "codename": "add_productreview"}}, {"model": "auth.permission", "pk": 62, "fields": {"name": "Can change product review", "content_type": 16, "codename": "change_productreview"}}, {"model": "auth.permission", "pk": 63, "fields": {"name": "Can delete product review", "content_type": 16, "codename": "delete_productreview"}}, {"model": "auth.permission", "pk": 64, "fields": {"name": "Can view product review", "content_type": 16, "codename": "view_productreview"}}, {"model": "auth.permission", "pk": 65, "fields": {"name": "Can add tag", "content_type": 8, "codename": "add_tag"}}, {"model": "auth.permission", "pk": 66, "fields": {"name": "Can change tag", "content_type": 8, "codename": "change_tag"}}, {"model": "auth.permission", "pk": 67, "fields": {"name": "Can delete tag", "content_type": 8, "codename": "delete_tag"}}, {"model": "auth.permission", "pk": 68, "fields": {"name": "Can view tag", "content_type": 8, "codename": "view_tag"}}, {"model": "auth.permission", "pk": 69, "fields": {"name": "Can add tag", "content_type": 17, "codename": "add_tag"}}, {"model": "auth.permission", "pk": 70, "fields": {"name": "Can change tag", "content_type": 17, "codename": "change_tag"}}, {"model": "auth.permission", "pk": 71, "fields": {"name": "Can delete tag", "content_type": 17, "codename": "delete_tag"}}, {"model": "auth.permission", "pk": 72, "fields": {"name": "Can view tag", "content_type": 17, "codename": "view_tag"}}, {"model": "auth.permission", "pk": 73, "fields": {"name": "Can add tagged item", "content_type": 18, "codename": "add_taggeditem"}}, {"model": "auth.permission", "pk": 74, "fields": {"name": "Can change tagged item", "content_type": 18, "codename": "change_taggeditem"}}, {"model": "auth.permission", "pk": 75, "fields": {"name": "Can delete tagged item", "content_type": 18, "codename": "delete_taggeditem"}}, {"model": "auth.permission", "pk": 76, "fields": {"name": "Can view tagged item", "content_type": 18, "codename": "view_taggeditem"}}, {"model": "auth.permission", "pk": 77, "fields": {"name": "Can add review reply", "content_type": 19, "codename": "add_reviewreply"}}, {"model": "auth.permission", "pk": 78, "fields": {"name": "Can change review reply", "content_type": 19, "codename": "change_reviewreply"}}, {"model": "auth.permission", "pk": 79, "fields": {"name": "Can delete review reply", "content_type": 19, "codename": "delete_reviewreply"}}, {"model": "auth.permission", "pk": 80, "fields": {"name": "Can view review reply", "content_type": 19, "codename": "view_reviewreply"}}, {"model": "auth.permission", "pk": 81, "fields": {"name": "Can add PayPal IPN", "content_type": 20, "codename": "add_paypalipn"}}, {"model": "auth.permission", "pk": 82, "fields": {"name": "Can change PayPal IPN", "content_type": 20, "codename": "change_paypalipn"}}, {"model": "auth.permission", "pk": 83, "fields": {"name": "Can delete PayPal IPN", "content_type": 20, "codename": "delete_paypalipn"}}, {"model": "auth.permission", "pk": 84, "fields": {"name": "Can view PayPal IPN", "content_type": 20, "codename": "view_paypalipn"}}, {"model": "auth.permission", "pk": 85, "fields": {"name": "Can add profile", "content_type": 21, "codename": "add_profile"}}, {"model": "auth.permission", "pk": 86, "fields": {"name": "Can change profile", "content_type": 21, "codename": "change_profile"}}, {"model": "auth.permission", "pk": 87, "fields": {"name": "Can delete profile", "content_type": 21, "codename": "delete_profile"}}, {"model": "auth.permission", "pk": 88, "fields": {"name": "Can view profile", "content_type": 21, "codename": "view_profile"}}, {"model": "auth.permission", "pk": 89, "fields": {"name": "Can add contact us", "content_type": 22, "codename": "add_contactus"}}, {"model": "auth.permission", "pk": 90, "fields": {"name": "Can change contact us", "content_type": 22, "codename": "change_contactus"}}, {"model": "auth.permission", "pk": 91, "fields": {"name": "Can delete contact us", "content_type": 22, "codename": "delete_contactus"}}, {"model": "auth.permission", "pk": 92, "fields": {"name": "Can view contact us", "content_type": 22, "codename": "view_contactus"}}, {"model": "auth.permission", "pk": 93, "fields": {"name": "Can add Theme", "content_type": 23, "codename": "add_theme"}}, {"model": "auth.permission", "pk": 94, "fields": {"name": "Can change Theme", "content_type": 23, "codename": "change_theme"}}, {"model": "auth.permission", "pk": 95, "fields": {"name": "Can delete Theme", "content_type": 23, "codename": "delete_theme"}}, {"model": "auth.permission", "pk": 96, "fields": {"name": "Can view Theme", "content_type": 23, "codename": "view_theme"}}, {"model": "contenttypes.contenttype", "pk": 1, "fields": {"app_label": "admin", "model": "logentry"}}, {"model": "contenttypes.contenttype", "pk": 2, "fields": {"app_label": "auth", "model": "permission"}}, {"model": "contenttypes.contenttype", "pk": 3, "fields": {"app_label": "auth", "model": "group"}}, {"model": "contenttypes.contenttype", "pk": 4, "fields": {"app_label": "contenttypes", "model": "contenttype"}}, {"model": "contenttypes.contenttype", "pk": 5, "fields": {"app_label": "sessions", "model": "session"}}, {"model": "contenttypes.contenttype", "pk": 6, "fields": {"app_label": "userauths", "model": "user"}}, {"model": "contenttypes.contenttype", "pk": 7, "fields": {"app_label": "core", "model": "productimages"}}, {"model": "contenttypes.contenttype", "pk": 8, "fields": {"app_label": "core", "model": "tag"}}, {"model": "contenttypes.contenttype", "pk": 9, "fields": {"app_label": "core", "model": "vendor"}}, {"model": "contenttypes.contenttype", "pk": 10, "fields": {"app_label": "core", "model": "wishlist"}}, {"model": "contenttypes.contenttype", "pk": 11, "fields": {"app_label": "core", "model": "cartorderitems"}}, {"model": "contenttypes.contenttype", "pk": 12, "fields": {"app_label": "core", "model": "address"}}, {"model": "contenttypes.contenttype", "pk": 13, "fields": {"app_label": "core", "model": "category"}}, {"model": "contenttypes.contenttype", "pk": 14, "fields": {"app_label": "core", "model": "product"}}, {"model": "contenttypes.contenttype", "pk": 15, "fields": {"app_label": "core", "model": "cartorder"}}, {"model": "contenttypes.contenttype", "pk": 16, "fields": {"app_label": "core", "model": "productreview"}}, {"model": "contenttypes.contenttype", "pk": 17, "fields": {"app_label": "taggit", "model": "tag"}}, {"model": "contenttypes.contenttype", "pk": 18, "fields": {"app_label": "taggit", "model": "taggeditem"}}, {"model": "contenttypes.contenttype", "pk": 19, "fields": {"app_label": "core", "model": "reviewreply"}}, {"model": "contenttypes.contenttype", "pk": 20, "fields": {"app_label": "ipn", "model": "paypalipn"}}, {"model": "contenttypes.contenttype", "pk": 21, "fields": {"app_label": "userauths", "model": "profile"}}, {"model": "contenttypes.contenttype", "pk": 22, "fields": {"app_label": "userauths", "model": "contactus"}}, {"model": "contenttypes.contenttype", "pk": 23, "fields": {"app_label": "admin_interface", "model": "theme"}}, {"model": "sessions.session", "pk": "1wibqwmx0779lulwpy27ki3pod1nrzxo", "fields": {"session_data": ".eJyrVkpOLCqJT0ksSYzPT8pSsqpW8svPSwXRJZklOUBGXmlOjo5SYWliHlCgEsYvKMpMBkoqKQGZmSkw0czcxHSoltraWgDXCx_8:1r7ZBw:I4wuV13G1aYMHHMlVs49jSKMwVetbZXZAoCm0XvXYEo", "expire_date": "2023-12-11T10:50:16.409Z"}}, {"model": "sessions.session", "pk": "2ihmc7554igxbawqcsugmfmu4qu5yanp", "fields": {"session_data": ".eJx9z8sKwjAQBdBfkVn3ldj3VnAn-AcSmmkSsW1M04WU_rvpwlqRdjNw5w4cZoSKGQvlCHQeVtkHQglng708nLq6RgQPngNrXfVyDXFRG1XNVyQK8mTOirukDedEcqRCoHBb1TAxX4UNcsXCoUdzy0NtOj5U1i98Ety1gMmD41q-ImsHu2NmQVGsTUllGnMqMdkws8WkXzP-__bCWtHtwDTIox-YxamUCaVbMFlgEn_kaXoDYYZxuA:1rAUEZ:4mPmPvxSL95cpQSqHbtTWeLukcwG62y1gh5--Yiol8E", "expire_date": "2023-12-19T12:09:03.824Z"}}, {"model": "sessions.session", "pk": "2mp2i6e9a075hhwzo7u2fc7vu4z46d4o", "fields": {"session_data": ".eJxVjrluwzAQRH8lYG1TJsXTZYp0_gZheYn0ISkUVQSG_j2k4SJpFpiZt7P7RBZyQecnYm2UVO4endFX9mv8uMA0zuiAvjeYavJTA1LlkpNtEKFYnZpOrqoluwhMxMgp5dVNDxgb1T28S9Btq88D6ZY8u82WI2FHgq_LiPb9gAbYShxexKuqHfnjGbA3P7XAXdtH2M5TycnghuB3uuLL7Pz9883-K4iwxrrdG6G8OVkFQTureSAgGNVScmuY6UGInhotqWbW9JITFaQKwgoalDBKKrT_AuL1X4k:1rZpad:NCM3UmVaPYPMuCULwPMM4MbTawzs09pihhvTLK2eqyo", "expire_date": "2024-02-27T10:00:35.058Z"}}, {"model": "sessions.session", "pk": "370excowa8r7hl241kn0odhlpmc5cmtd", "fields": {"session_data": ".eJx10bFugzAQBuBXQTcTwC5OgDVSt0qdulZX-7AdFXAde6gi3r1maCCtWCzZ98uf7u4GEn2A7gZsOYINnwQdvNmAgx2zc9ajpOxKPg6Qw1fEMUW-oWM5OG_lkhVV0bap6KxKN-eVQSm4-VAC06sdUC-pciBlsYzpq3dWOj-pKMOhObDi4jTMOfCt_-zparLz1PdEey6rikZsXcWMIq416R23ubvt6j5t3VfCMYZd8fS3U26OteKGxI54uot8Fev_nb7gqKcHNu1jA_OiqR5HXB-NEZzvweuIWf0rz_MP0OOZRQ:1rAqcI:-fWl1eYh9Z_K4NPu3OlR4_BLsB62hYynx8DRm8iozGQ", "expire_date": "2023-12-20T12:03:02.893Z"}}, {"model": "sessions.session", "pk": "4jfolqpgzs7y45seplz6cw6ck8apmw79", "fields": {"session_data": ".eJxVjEEOwiAQRe_C2hALZRhcuu8ZyMwAUjVtUtqV8e7apAvd_vfef6lI21rj1vISx6QuqlOn341JHnnaQbrTdJu1zNO6jKx3RR-06WFO-Xk93L-DSq1-a8uAmc-CVEKS4EpH0JvgvRPu2RKANRy8Cb2w9a7D4rGAgCkIjB7V-wPpUjee:1qpRZb:wKC7NgnLfuq9G7fkIzpxI1xDVsRSxDQ2QSbdnIN95qQ", "expire_date": "2023-10-22T11:03:47.627Z"}}, {"model": "sessions.session", "pk": "4uyn154imntw9orb19uvkdxm9heyavlm", "fields": {"session_data": "eyJjYXJ0X2RhdGFfb2JqIjp7IjEiOnsidGl0bGUiOiJWaXRhbWluIEMgZmFjZSBzZXJ1bSIsInF1YW50aXR5IjoiMiIsInByaWNlIjoiNTAuOTkifX19:1r5jwe:Y1D3ziWomICo2yGWf8iYwSU6IthCnMd3QpJjaR_cwJU", "expire_date": "2023-12-06T09:54:56.251Z"}}, {"model": "sessions.session", "pk": "6l227liyi4mr8kwvfwfqq73kqhj57equ", "fields": {"session_data": ".eJx9z8sKwjAQBdBfkVn3ldj3VnAn-AcSmmkSsW1M04WU_rvpwlqRdjNw5w4cZoSKGQvlCHQeVtkHQglng708nLq6RgQPngNrXfVyDXFRG1XNVyQK8mTOirukDedEcqRCoHBb1TAxX4UNcsXCoUdzy0NtOj5U1i98Ety1gMmD41q-ImsHu2NmQVGsTUllGnMqMdkws8WkXzP-__bCWtHtwDTIox-YxamUCaVbMFlgEn_kaXoDYYZxuA:1rAW2P:NUMbV54QTIEGzNOUkSRyeFQ_h60iNWETNaO4yQwoISw", "expire_date": "2023-12-19T14:04:37.781Z"}}, {"model": "sessions.session", "pk": "72nx0o6bh9harkl7ql9oxqq002wmo0m4", "fields": {"session_data": ".eJyrVkpOLCqJT0ksSYzPT8pSsqpWMgERJZklOalKVnmlOTk6SoWliXlAgUoYv6AoMxkoqWRopGdhoFSro2RItBZTAz1LS6Xa2loAp_Ynpw:1r5jiP:qfZo8qZBRakhFwaKctO25ELkRQRopSFfxm2ASfM1H7g", "expire_date": "2023-12-06T09:40:13.316Z"}}, {"model": "sessions.session", "pk": "7hi6g6bo5d784o73mlmrganfqlphefuu", "fields": {"session_data": ".eJxdz8EKgzAMBuBXKTmL2Ng651XYbbDT7l0b2x7UUfUkvvvsQem8BJKQjz8raBVmaFbgsXgDDc9gUD1BA28_q94PrGWd0sQmCksPGXyD13Eti_x-j3282qfGKS3RfYxUsGWAB4gn-Ag0OdaOXUeUQLzIa5lChjtDaC3ZCJUHVJ7Qi9SwzClxu2ZBVwmDjmQkxEGIS5anGuyYOpjXxf9PonJOIu7Otv0Ao3pYBg:1rASqU:GxonU9JLpUlIguYVCa5Hu0dkPTCzFjBUwXCd1fl_Hnc", "expire_date": "2023-12-19T10:40:06.914Z"}}, {"model": "sessions.session", "pk": "7v56osdy2yhxba6uu2chuwtre0mu5425", "fields": {"session_data": ".eJwViksOwjAMBe_iNW2U8KnaU3ADZMVRY0RLMM4CVbk7zuZJM_MOiCgKywHnPsr6SrDAPeFeFU7wqbib_JnzhkU49u6ncZ47MxkVoRzy7UIhp6tZ3nDtL7clYnT1m-QxuSJvqlGHMPjxWVZorf0BjGYnLw:1rAVwM:xGpFuZLf0phoOIs0Z9aUhmun4L1bP9ZOHcqDwou_RbM", "expire_date": "2023-12-19T13:58:22.211Z"}}, {"model": "sessions.session", "pk": "8ou3w9qx1wmbj3wc7yudsh6l41gamd2m", "fields": {"session_data": ".eJxVjDsOgzAQRO-yNbLCzx_K9MkVrN21HSDITsAUEeLuASlNqhnNm5kNGOdsHWa0iUboNrin6E_NQ54OE9dpKuC9YjyCD3RlAa954INAqYQxsO8FWFxzb9fFz3ZwJ4G_jJCfPp7AjRgfSXCKeR5InBXxo4u4Jeen66_7d9Dj0h_rmqT2dGGNwTg2bShRNpVRqmVqqEYp64qMqkzDVKu21EHpIFlWQUvSSsP-BVZDTkE:1r5mXi:8t2fE1kGU8oCns8OERpzogOT_hDuf5VjAlcpPBICTSE", "expire_date": "2023-12-06T12:41:22.066Z"}}, {"model": "sessions.session", "pk": "8p1aamogaxnrluasr6enxcsq43wuep8o", "fields": {"session_data": ".eJyFzz0LwjAQBuC_Um62H4mNtV0FN8HJVc4kNhH7YZoMUvrfTQe1CtUl8IaXe-564GgsFD2Q8bHaXiUUcNAWK10Hm-CMXAadNK6CBdwc1r5y9w3iY2s0H9ssifJ8zFr41BqhkDOqToKh_9UVlmMrrqTQGDs_7Eji1jTCcRuuQxJd2hKGBaTTDbZGdirYYV028zCh0Tr5hNOVUoxS9hcm6VteTuW9xNrZH2j2fS1Vq1RQJefQ7IXSpzkMDx18dFM:1rArCi:84ynaIZ1uRk7B4TXKfOdyqxPkTwBTEZ0OuX3NAaRn_E", "expire_date": "2023-12-20T12:40:40.808Z"}}, {"model": "sessions.session", "pk": "9y0ka944p9mmd8rsm1v5cuxyaroo2i2b", "fields": {"session_data": ".eJyrVkpOLCqJT0ksSYzPT8pSsqpWMgQRJZklOalKVnmlOTk6SoWliXlAgUoYv6AoMxkoqWRqoGdpqVSro2RMtBZDc6gWE-K1GOlZGCjV1tYCACsrN8Q:1r5juc:DPRzUZHo5vfqbEMPG02TDrX902iDvUJ9b1goI6ClkC4", "expire_date": "2023-12-06T09:52:50.710Z"}}, {"model": "sessions.session", "pk": "a4mzhkimawchz43szyaj6qe1v91nupiv", "fields": {"session_data": ".eJxVjEEOwiAQRe_C2hALZRhcuu8ZyMwAUjVtUtqV8e7apAvd_vfef6lI21rj1vISx6QuqlOn341JHnnaQbrTdJu1zNO6jKx3RR-06WFO-Xk93L-DSq1-a8uAmc-CVEKS4EpH0JvgvRPu2RKANRy8Cb2w9a7D4rGAgCkIjB7V-wPpUjee:1rcKS1:AHIHeM7ji2geiInSB8a0KsT-labIT2RJ70ZONVz6hLk", "expire_date": "2024-03-05T07:22:01.595Z"}}, {"model": "sessions.session", "pk": "aq21q61x08xmsajvtnbhkc8tjxgh1jjc", "fields": {"session_data": ".eJxVjEEOwiAQRe_C2hALZRhcuu8ZyMwAUjVtUtqV8e7apAvd_vfef6lI21rj1vISx6QuqlOn341JHnnaQbrTdJu1zNO6jKx3RR-06WFO-Xk93L-DSq1-a8uAmc-CVEKS4EpH0JvgvRPu2RKANRy8Cb2w9a7D4rGAgCkIjB7V-wPpUjee:1qk1BJ:HhcCOr3Q-aBu9tBP0TxhoWJz6INjRtaaGqpNQN6wghM", "expire_date": "2023-10-07T11:52:17.213Z"}}, {"model": "sessions.session", "pk": "bj88a9p0oxuradh8xh9a0lpomeftsy40", "fields": {"session_data": ".eJxVjEEOwiAQRe_C2hALZRhcuu8ZyMwAUjVtUtqV8e7apAvd_vfef6lI21rj1vISx6QuqlOn341JHnnaQbrTdJu1zNO6jKx3RR-06WFO-Xk93L-DSq1-a8uAmc-CVEKS4EpH0JvgvRPu2RKANRy8Cb2w9a7D4rGAgCkIjB7V-wPpUjee:1rfchm:zXEqR47X47ImUSAKcAfJoXlenCaLIqAyjvnKbkW1t9E", "expire_date": "2024-03-14T09:27:54.336Z"}}, {"model": "sessions.session", "pk": "clghd04oj5bokalyogrli9wm5r5clmsr", "fields": {"session_data": ".eJyFz7EOgjAQBuBXITcj0EpRWE3cTJxcydlWWiJQazsYw7tbBhVNjMslvevl--8OHK2rBTqsh2ML1R2WU3HanSVUsJfYewcxXDz2oXmDisRgrObTlKySsgxDo0V4GSsUVUUuqJIsdHWHzfQr7aTQmPqrtPUqNXYQnrsFXZCkNQ2MMeRzcWvlVUU77JvhgwUCM5gm6-wDxrxQilH6CyYvmORvmczlg3bY6T7aRCfkMgpbvvsdgWXftyNnVB0Fw78R1s8E4_gALwV3og:1r7zY3:AXQ5AJGt158cIkvwmg6qL4p-E1YqojesYnwFnZcwusg", "expire_date": "2023-12-12T14:58:51.604Z"}}, {"model": "sessions.session", "pk": "ctk20tgyexn5fqvqf5ffzg21hk613f60", "fields": {"session_data": ".eJxVjEEOwiAQRe_C2hALZRhcuu8ZyMwAUjVtUtqV8e7apAvd_vfef6lI21rj1vISx6QuqlOn341JHnnaQbrTdJu1zNO6jKx3RR-06WFO-Xk93L-DSq1-a8uAmc-CVEKS4EpH0JvgvRPu2RKANRy8Cb2w9a7D4rGAgCkIjB7V-wPpUjee:1qzcZq:aj-sp3_Fqm9rGfmguQXfRG5lArBPDKt5Ujz3iB5LtAE", "expire_date": "2023-11-19T12:50:06.704Z"}}, {"model": "sessions.session", "pk": "dn9g8gsp4k71735onmujcav5i363v978", "fields": {"session_data": ".eJx1jz1vwyAQhv-K5TnBBhsMGRupW9eu1vFlSOKPYjxUkf97cZRWztAF6e4e3ufunrewRNcuswmt1_kpx_lh35OgrmbYBvoCQzciNQ4xeIk2BD2nM_oYtbm9PdmXAAezS78rybiRpeJghVaCWgysJqJpqJK1rICxikjREFErWTUUc9twyxQjljPJG55CFYSYn-5pw_REH28m5X76CL0fsnNmQZksGZc-sV8LDAn5TgRJ5RS82mhaIiG2-nHqFLQDRYmTmkLq-h66jSp6oz0Uj_VxMYVRLyoe-RGjy9Tl6yFF7jZ4D2Z22Xm01phXM96ZcYk43Zs1dtqQrjPdP2b-Zxa_5nX9AabHiNY:1rAqnz:NIO5o0Bki1ktKHlslAgE8JR9mPPAHIwG4hPec2_5YYc", "expire_date": "2023-12-20T12:15:07.591Z"}}, {"model": "sessions.session", "pk": "dxjz8zfbztarc7mobgo86je1qjzjzkwe", "fields": {"session_data": ".eJx9kDtvwjAQgP9K5BlM7MSOzVikbkiduiI_Y1PyaOIMFeK_10YUQqt0sXR3n--7uzNQYghgewYoPcGHkwFb8O6DaHyb7TIrlMlGM0wNWIHPSbQR-YoEimE_eJVokkPOU-x1jPpBO6EIdlITEbO-EXWiNo3RXmym2OyANv3Q6UmFNVsjeOxrcFkBPJ_gdTCjy3adtcYsm1EOGZmbNXLa4Lo29YKZ3c38YS7m5jcj2in846x-b4sdLTV2hiw4q7sTP5zl3233oq27f8QYsvz5zCV1jmC8JH6cGZU_5qg-iCm4w5W4tkqSWU4K9WHaVNDHNBFUXRsGL2FC4K06wn2nzenlxj41cGJ08XchKTMyV0xYrhUnFglaYl5VRMlSFoLSAkteYV4qWVQEMVsxSxXFllHJKgYu39QG0OI:1rCyfJ:CgHLcmi7ps3gCOFRpa5D680_2MFoSQSWWKjARr3-d34", "expire_date": "2023-12-26T09:02:57.431Z"}}, {"model": "sessions.session", "pk": "ehhn2094e9njn6jamssn360kw0fgcsg8", "fields": {"session_data": ".eJx1zj0LgzAQBuC_Ije32ggBdS107NhVrskZI2psTIZS_O9N6FeWLgfv8XLPPUCgda1Eh625DtA8gMXhtBsJGrhoh5Oes2PWoaBsJesn2MHN4xwq99BgIS5Wi9jmh7yuY9YypMXKHgUv-6vkGLZ6QhVbxURSY-HDsZYVizXSC7ev9iwfFgXbDsr0g5Oltc-OpuuI_svskFc8lSXrJZVKkfojV1-5_slnM1OCz34cU_KVP-aHe23fRgzbtj0BZOhuEw:1r7ZLp:foahpIUM63SnRoJ9k99tfK5bP69ji-XFl4GxNuaEnrQ", "expire_date": "2023-12-11T11:00:29.952Z"}}, {"model": "sessions.session", "pk": "folr2mkg1axev70t79tl4y2wul63gghu", "fields": {"session_data": ".eJxVjEEOwiAQRe_C2hALZRhcuu8ZyMwAUjVtUtqV8e7apAvd_vfef6lI21rj1vISx6QuqgN1-h2Z5JGnnaQ7TbdZyzyty8h6V_RBmx7mlJ_Xw_07qNTqt7YMmPksSCUkCa50BL0J3jvhni0BWMPBm9ALW-86LB4LCJiCwOhRvT8QTzfU:1rc4ft:VxSUa1xXRkng2W2F4xxrHr8frkWA5F0UdEofVu-ipow", "expire_date": "2024-03-04T14:31:17.368Z"}}, {"model": "sessions.session", "pk": "frjcnaed341z4h1urm5wnefn29ssfnli", "fields": {"session_data": ".eJx9jsluwyAQhl-l4pzggDFLjj30FqlvYA2LDWmCXYwPVZR3L0RplRzay0j_MvPNBRlIGe0vqK0jh3xyaI_eHcQ1ow36XCEW86t4pMg5BVNzIrBSVQdb1Jysp54zS73rihvOMNZWc3Y2QLMuLvWimdNkV5O3dEvwcR7RdYPYI_MtucW_HCCO0z9giuXuCQyMe99R-heY_IIJ-yEXdA9r9v2tcTtVIQ-eBvPhYg3ssX6EzRRzChrXCr6nCz5M1p1e792nAx4WX7ZbzaXTOyNhUNaobiDAGVVCdEYz3QLnLdVKUMWMbkVH5CDkwA2ng-RaComu35UGgss:1rAq3y:owtAYzmMPtZEyhjakYet8GF3QrxL4aqb7OmX_po_ASs", "expire_date": "2023-12-20T11:27:34.219Z"}}, {"model": "sessions.session", "pk": "g19l00v1wft8l6qm3vb67bmz3ml5rqid", "fields": {"session_data": ".eJx90D1vwyAQBuC_YjEntqEmsbNG6hYpU1frwp2BKP4ogaGK_N-Lh8ZOK3dBetErHu4eTIHzNYKHur9c2eHB-HR462_EDuzDemhtlxyTBhQld3KhZRv2GaCLla_Y4DEOzqqpLfO0qqZsMabBoQElhbmghHhrW9BTK2sJLWQhPlbzbHA9BuW35Zan10GzccPelj84E3TBr5t8_9sUZlegMCRXzP3TFLMplua7o7tJjn3TEL3IfOHmaSmXLnKDJLQmveKWT7ea3eKve4JO9_8MLNIyf11ysTNGCrE28LxkXvzI4_gN6XudYA:1r7acD:-pQr7DPP0kYIqMOZs1_6-fjd9uMXBSVAi_JqPkbDMVs", "expire_date": "2023-12-11T12:21:29.911Z"}}, {"model": "sessions.session", "pk": "g23yuxsrd286dx3ov9sx9yvgjok07cpx", "fields": {"session_data": ".eJwVikEKwyAQRa9SZt3EGiik2RZ6DZk6E2NoqpnoogTvXt18eP-9EyxKMoQJTXivMJ0wtEk-fRgmeAkfy-UZ5pkZrrBn_Fb1q0ZXjOJtq_StH--NPVWKQqQX4sE5dvX1G7pWqY3Jo8oHixlVlEDZpu7R6X6NDkopf4faLT4:1r7zpM:pwBOCt7yigG1fSfhXEHkQaKLskXQ5Z6sCRkcvNxsWzE", "expire_date": "2023-12-12T15:16:44.307Z"}}, {"model": "sessions.session", "pk": "h3vywdw6s1e1bofss0i1srzzzb7sey46", "fields": {"session_data": ".eJxVjEsOgzAMBe_idRWVJDgOy-57BmQ7SaGtQOKzQty9RWLD9s3M20B5WqDZ9hu0vC5du855avsEDVRw2YT1k4cDpDcPr9HoOCxTL-ZQzEln8xxT_j5O93LQ8dz9aydIWe5KXGLSWJeK0dsYQq3ixTGisxKDjV7FhbqiEqigoi2EQoFg_wEwpTrq:1raCQW:lR2r5w85IRHooVViiDRplGqpZwXd4oElQqOwq_GpgE0", "expire_date": "2024-02-28T10:23:40.242Z"}}, {"model": "sessions.session", "pk": "h3z0z9l7hapj3qd5bminy5dcjw40l11t", "fields": {"session_data": ".eJxVjEEOwiAQRe_C2hALZRhcuu8ZyMwAUjVtUtqV8e7apAvd_vfef6lI21rj1vISx6QuqlOn341JHnnaQbrTdJu1zNO6jKx3RR-06WFO-Xk93L-DSq1-a8uAmc-CVEKS4EpH0JvgvRPu2RKANRy8Cb2w9a7D4rGAgCkIjB7V-wPpUjee:1rFv8F:-O7N0-_XEfHn9_lnIxO2ZAu3hrITHjiEoQeF0geigzw", "expire_date": "2024-01-03T11:52:59.641Z"}}, {"model": "sessions.session", "pk": "hotuzn3gio384gud29aoytt3jnfnhbaj", "fields": {"session_data": ".eJx90D1vwyAQBuC_YjEntqEmsbNG6hYpU1frwp2BKP4ogaGK_N-Lh8ZuK2dBetErHu4eTIHzNYKHur9c2eHB-HR462_EDuzDemhtlxyTBhQld3KhZRv2GaCLla_Y4DEOzqqpLfO0qqZsMabBoQElhbmghHhrW9BTK2sJLWQhPlbzbHA9BuW35Zan10GzccPE8gfvju4mOfZNQ7Qu8zwt5VJGbpCE1qRX5PIpV7P8tpTPBF3wL8z932mF2RUoDMkVc_80xWwW_6c9Qaf7F7BIy_z3moudMVKINXheMy9-5HH8BiqsnaQ:1r7ZBb:9plSkuyblRoL5uUegrgMYcRAX82Pa4PKha1LmYOAG5w", "expire_date": "2023-12-11T10:49:55.271Z"}}, {"model": "sessions.session", "pk": "hvtixui9ab2bk0qpn0bdurgie7kw2emw", "fields": {"session_data": ".eJx90D1vwyAQBuC_YjEntqEmsbNG6hYpU1frwp2BKP4ogaGK_N-Lh8ZuK2dBetErHu4eTIHzNYKHur9c2eHB-HR462_EDuzDemhtlxyTBhQld3KhZRv2GaCLla_Y4DEOzqqpLfO0qqZsMabBoQElhbmghHhrW9BTK2sJLWQhPlbzbHA9BuW35Zan10GzccPE8gfvju4mOfZNQ7Qu8zwt5VJGbpCE1qRX5PIpV7P8tpTPBF3wL8z932mF2RUoDMkVc_80xWwW_6c9Qaf7F7BIy_z3moudMVKINXheMy9-5HH8BiqsnaQ:1r7ZBm:0Yzlbsp-Yh8Qhdpr8jBub0C8mGa-6ZHkON4dTzw9pqw", "expire_date": "2023-12-11T10:50:06.182Z"}}, {"model": "sessions.session", "pk": "ih8o14k6xt378aldsawvmq6x7e2b3hwt", "fields": {"session_data": ".eJxt0LEKg0AMBuBXkcwiGj2rrkK3QqfuqRe9Az1bPYcivnt1UFRcAknIx09GKKizkI0QLEVLyAIXDDUMGby0pUYbJ3dKKtjpuRsacOHT6WJZC99L06VfruapVFQIVG8paJ5-BzJW298MTi7gquOm3zvulZO3Zcm8UwPfS8RelYGSjFXF1UE1Q13PcLjC4QY_mcxg9-TtHBRVHElULK7IaCWjU9YHmardu-gl_vEBUayUQLxwp-kP1PpuDA:1rAT04:twq8YOmsjGMEvaxwMbD9KvLRyGJhCPVD7bkYHV1yKok", "expire_date": "2023-12-19T10:50:00.567Z"}}, {"model": "sessions.session", "pk": "j9sqbiq2yhkkod74z5e4ti8t35u2xggm", "fields": {"session_data": ".eJxVjEEOwiAQRe_C2hALZRhcuu8ZyMwAUjVtUtqV8e7apAvd_vfef6lI21rj1vISx6QuqlOn341JHnnaQbrTdJu1zNO6jKx3RR-06WFO-Xk93L-DSq1-a8uAmc-CVEKS4EpH0JvgvRPu2RKANRy8Cb2w9a7D4rGAgCkIjB7V-wPpUjee:1quszH:jDRUMo3g4fpoEukeBLcJV2d7g8cfCFQTP07lov00mXs", "expire_date": "2023-11-06T11:20:47.642Z"}}, {"model": "sessions.session", "pk": "jhte1fy85elglwtpk8nbll78zm4ecpuh", "fields": {"session_data": ".eJxVjEEOwiAQRe_C2hALZRhcuu8ZyMwAUjVtUtqV8e7apAvd_vfef6lI21rj1vISx6QuqlOn341JHnnaQbrTdJu1zNO6jKx3RR-06WFO-Xk93L-DSq1-a8uAmc-CVEKS4EpH0JvgvRPu2RKANRy8Cb2w9a7D4rGAgCkIjB7V-wPpUjee:1r7EVY:mP8XNEPVBdWs04Cwdk6B35AbhZDf2HzA9z4OzNKV1WY", "expire_date": "2023-12-10T12:45:08.042Z"}}, {"model": "sessions.session", "pk": "kl3rwydjncaag8nhxta570wf34cmcmvj", "fields": {"session_data": ".eJyrVkpOLCqJT0ksSYzPT8pSsqpWMgYRJZklOalKVnmlOTk6SoWliXlAgUoYv6AoMxkoqWRormdpqVSro2RCvBYjPQsDkBZDorWYGoBtqa0FACpfN8Q:1r5Qor:qvcnlrxDbv_VYW2ak37y_XFfL7QyZb-tHMOyu5_fJSk", "expire_date": "2023-12-05T13:29:37.897Z"}}, {"model": "sessions.session", "pk": "nvtnons6hc9bvj3fslsprtqt1xnls91k", "fields": {"session_data": ".eJx1z8FugzAMBuBXQT5TaLJlBa6Vdt5pV-TGJklVIEuTw1Tx7guHdWgSF0v2b-uTH6AxxJ4wYj9frtA94GUt0cUbQwcfjFOKUMJXwikPv6ETJfjg9JqKU9W2OfSOcucDWWnfXklaVnnqRjTrVj0yOazTnUN_qn2YKel4kAdRXb2BpQS5Fd8D321xnoeBedc9Vo3auiQssTSGzY7bPN32zxVb99NFHN1UnIsBNRf5KI17vjr-_xu1kvZCCnd88fSbX39ZfgBZ93gN:1r7FSo:7U_78fwCtsMiI51BKDx0AEf9x301Fp5OjvT9XXtcaIY", "expire_date": "2023-12-10T13:46:22.337Z"}}, {"model": "sessions.session", "pk": "nztaswyoxzdt6buyjjdomdlsz31x54xj", "fields": {"session_data": ".eJxVjEEOwiAQRe_C2hALZRhcuu8ZyMwAUjVtUtqV8e7apAvd_vfef6lI21rj1vISx6QuqlOn341JHnnaQbrTdJu1zNO6jKx3RR-06WFO-Xk93L-DSq1-a8uAmc-CVEKS4EpH0JvgvRPu2RKANRy8Cb2w9a7D4rGAgCkIjB7V-wPpUjee:1qzXvz:CSUo7ROY7UV1zG7CKHRxDFdcghr5MQgKixSNDkwzSVM", "expire_date": "2023-11-19T07:52:39.792Z"}}, {"model": "sessions.session", "pk": "orulqoztmyydhrj2xysfv4vxgnmnaods", "fields": {"session_data": ".eJx1zj0LgzAQBuC_Ije32ggBdS107NhVrskZI2psTIZS_O9N6FeWLgfv8XLPPUCgda1Eh625DtA8gMXhtBsJGrhoh5Oes2PWoaBsJesn2MHN4xwq99BgIS5Wi9jmh7yuY9YypMXKHgUv-6vkGLZ6QhVbxURSY-HDsZYVizXSC7ev9iwfFgXbDsr0g5Oltc-OpuuI_svskFc8lSXrJZVKkfojV1-5_slnM1OCz34cU_KVP-aHe23fRgzbtj0BZOhuEw:1r7FXW:7Dcd7r0FXXKa6EzQITLCi1xypctM40Pfv57yXE2FJx0", "expire_date": "2023-12-10T13:51:14.169Z"}}, {"model": "sessions.session", "pk": "p0p4ggq5cv2lh4v7ol7qi8yuay5c25pw", "fields": {"session_data": ".eJwVikEKwyAQRa9SZt3EKiaUHKC7nkGmKmpoop3oogTvHt18eP-9EzRSVgYzqvhZYTlB9skhfy0s8CJ7-NsbdxfhDr-CezP_JnjDREH3iIvx-egcTKNExqOcvZ-EmNobNnS9Yps1AVk5LCnOEkVTdB64HPi4Jge11gtffyxL:1r8JBg:8OKhmgLMnHx4sg5BCBiC-dTQMVLcyJMxUkRVzQPMBjM", "expire_date": "2023-12-13T11:57:04.966Z"}}, {"model": "sessions.session", "pk": "q9r106i9ef2cxucu0frp8of965g038sr", "fields": {"session_data": ".eJzFkrtuwzAMRX_F0Jw4kWw9nLEBugXo1NWgXpbT-FFbHoqg_145SBO7RdoOBbIIEO8lD0nwiBR0PtfgIW_kHm2OiIyPL_3BoA167Ezvom1jrTFogV4HqIP0hjZ4gdquVKMHr2NBg9iWOvzaTmvstCFFYYoQLSsoRteqMrqE1dCbLhertmv0oPwyW-J43xbofYHwlPtceqjKOtpGFpSJQtJQ3eLTdZxlU74DRYmTmsINPr7wxZWffp97B3XRzLChy8ngJBbrOThlzlFC6K9gnF7JyZT8ZKAe_A9Q_nVa4liqiTO3oPwCJZ_MAM1h8C4_GU6VRsYkJkG9mHoU9H7cQqya2neljEdLfFb7eNdoc3g4e2cFHPQuZCeSCSPXSoDNtMqoxcBSknFOlUxlAowlRGacZKmSCadYWC4sU4xYwaTgIhT920HOl3SPk5x18E9HeYfT-AAs_kVV:1r9io4:PiYXhJ3P-gWCR5uLyqtSkt3m4xlCGnzN_20xgcN-KRI", "expire_date": "2023-12-17T09:30:32.095Z"}}, {"model": "sessions.session", "pk": "qep4skgyb5s0h6qvyjk4l09sm9d5rz3z", "fields": {"session_data": ".eJx90MFuhCAQBuBXMXN2VajsqtdNettkT702UxiBpipl8dBsfPfioau2sRcS4A8f_9xBog_Q3IHNS7Dhg6CBFxuws31yTlqUlNzIjx2k8DliHyNf0LAUnLdyzooiq-t46ayKO-eVQSm4eVMC46ntUM-pvCNlMR_jU68sd35QowyH6sCyd6dhSoGv_WdPN5Och7Yl2rjxm4vMiqwSa1kxo4hrTXpHrh5yvchPa_lK2I9ha_K1efrdlptjqbghsWOeHiZfzPJv2wv2evinLM-qYjvm8miM4HwPXsbMyh95mr4BhCiZzg:1rAqjz:yOoxyZ9Ys_stulJbhyyG5JFfEuhYz9iXcGBs7G7LQpI", "expire_date": "2023-12-20T12:10:59.039Z"}}, {"model": "sessions.session", "pk": "r5hg6q2uskb71vwt6w46py6cqgxog9d3", "fields": {"session_data": ".eJx1kLtuwzAMRX_F0JwolmzJkscG6Na1a0C9LKXxo7I8FEH-vXKQFM7QhQPv5eUhr-gES_KnZbbxFAxqEUG7bU-B_rLDKpgzDN2I9TikGBReLfihzvhjNPby9vC-BHiYfZ6uFBdWlVqAk0ZL5gjwmsqmYVrVqgLOK6pkQ2WtVdUwIlwjHNecOsGVaEQO1RATaq-IriWFdLE59z3a2RfH0Tlrs-d7gSFLP6jlOzTFoFcPKbFgWZzuB07RGOKNpV1nu9wNPXSr69BbE-BwhxaHKY5m0Wkv9wSfpw7ddvkzm72fIUEfhuJYONC2yENL_7L__sgnASuxlFsCD5pRrwyDfwjIH4F4Etxuv9RMiJY:1rAqtw:eaGJQS1M7bSqLiNZwzFv1JZYGeTwOe-x-_t1dN4oQpM", "expire_date": "2023-12-20T12:21:16.774Z"}}, {"model": "sessions.session", "pk": "r92r9drnxmy1n6jah49x8lb82dif9bh1", "fields": {"session_data": ".eJxVjEEOwiAQRe_C2hALZRhcuu8ZyMwAUjVtUtqV8e7apAvd_vfef6lI21rj1vISx6QuqlOn341JHnnaQbrTdJu1zNO6jKx3RR-06WFO-Xk93L-DSq1-a8uAmc-CVEKS4EpH0JvgvRPu2RKANRy8Cb2w9a7D4rGAgCkIjB7V-wPpUjee:1qzyCP:jX0NBwi1ahjuYZhxPCsRMSsdFz4RqmXsK6zjyZZBK8Q", "expire_date": "2023-11-20T11:55:21.295Z"}}, {"model": "sessions.session", "pk": "t0j2cu6ypnl9d69kdyaeup94tfdovbee", "fields": {"session_data": ".eJx90L1ugzAUBeBXQXcmgF2cAGukbpEydUU39sV2FH7qmKGKePeaoYG0oosl20f-fM8DJDpfK_RY95crVA9g8-KtvxFU8GE9traLjlGDkqI7ubGFGD5H7ELkCyoWw-CsnLMiS8oyXA5Whd3glEEpuLkogeHUtqjnVNqSspiO4amapYPr1Sj9rtix5DpomGLga__d0d1Ex75piF7c8M1FZllSiLWsmFHEtSa9IRdPuVzkt7V8JuxG_495-D0tN_tccUNiwzw8Tb6Y-d9pT9jpfqtkxpMiey053xsjON9il5JZ_uNO0zdp3J0c:1r7ZQN:4tFpk7GPD8Rr9wmWheoqkTX-8gdTkyPc94vsWASslhg", "expire_date": "2023-12-11T11:05:11.708Z"}}, {"model": "sessions.session", "pk": "t3lugi9kap1i59na9uius457vk43z3ut", "fields": {"session_data": ".eJyrVkpOLCqJT0ksSYzPT8pSsqpWMgYRJZklOalKVnmlOTk6SoWliXlAgUoYv6AoMxkoqWRormdpqVRbWwsAXvwXnQ:1r5QqQ:t5gGYPJ4M9szsIfEKeGARdX_PliN2mIzXTOwP1kKmng", "expire_date": "2023-12-05T13:31:14.637Z"}}, {"model": "sessions.session", "pk": "tx7y3y630b7skkc10frv2eujyrq92hso", "fields": {"session_data": ".eJx9jUEOwiAQRa9iZt1SQdraHsCdiTcwEyAFYymlsDBN7y4sNLrQzSTv_UneCgJ9gH6FQz7BhLuCHi4KbQxQwBzRJvlIjiZ03oi805Z0XWYjEzkvNdMNl0yrOlkz4pC_qlFJg1VclL-2lfOTjCKUrKTk5gbYCuCfzZNXi96d0Q7TnzAjx_1XGHmjdc3YrzB9hyl_lbftCb2iS_o:1rAQaV:KodoqXoIUdQWbX3iCRVvzOV08CYos8kAedOUigG6c3s", "expire_date": "2023-12-19T08:15:27.367Z"}}, {"model": "sessions.session", "pk": "vjoq1ld6ssf0w7b8x3asmjwvksq0psiw", "fields": {"session_data": ".eJyFkMtugzAQRX8FeZ042GBjd9lI3aXqqls0foBJeaRgFlWUf6-JQkJapV3ZvjNzzx0fkYbe5wY85J3ao6cjeu1aO52-8nW4tGNdr9DnCG0Qvub3oa90KCIUrpWZ1aqB8jJyWiG6cEEvvR1ctO2Kwlq09EME3exIjAWbPYNqDHHG0rK0Jbrao01jTQWbcbB9LjaHvjOj9mu5Jnh_KFEgJ0vym4V29HdMsiBmWMol0VHHU0OdZQ-I2ZVIb8T09647aMvuj1UpFvEdGFLuHKP0EZhcwSS9kcmS_F55aKo22kYFaBuFqbF5HIHFP3cHzahThsG_EcScIETIYfQuPzecnSbGQlOgP2w7Fcx--hOsu9b3lcJTC75UB7zrjK2fL713Bg4GF6YTxYVVsRZQSKMlKwjwlMosY1qlKgHOE6pkRmWqVZIxIopMFFxzWgiuRCbQ6RvQV-yt:1r7Fau:muUifvTUVDvD6xBo2QJK8urhlogLgWHypvKvzPYPBNw", "expire_date": "2023-12-10T13:54:44.164Z"}}, {"model": "sessions.session", "pk": "x62btka5iqjzp4wvgintjhiz4yy7iyob", "fields": {"session_data": ".eJxVjEEOwiAQRe_C2hALZRhcuu8ZyMwAUjVtUtqV8e7apAvd_vfef6lI21rj1vISx6QuqlOn341JHnnaQbrTdJu1zNO6jKx3RR-06WFO-Xk93L-DSq1-a8uAmc-CVEKS4EpH0JvgvRPu2RKANRy8Cb2w9a7D4rGAgCkIjB7V-wPpUjee:1rFr5A:2FGTRcgNnMa5-r8yK_L7nvpH4KZoixyfgMIYRIOxjEc", "expire_date": "2024-01-03T07:33:32.937Z"}}, {"model": "sessions.session", "pk": "yuv98fsvrs71to8g2x93i3ort2tv0160", "fields": {"session_data": ".eJx10D1vwyAQBuC_YjEntrmYxM4aqVukTF2rK5yBqv4ogaGK_N-Lh8a4lRekF73i4e7BJDrPzg_G58Nb_0nszF6tx8722SVrUVJ2Jxc6tmNfAftY-Y6NQ4yjs3JuizJvmjlbFdPolEEpwLwrgfHWdqjnVtGRsliE-NgbL0Y3qCD9vt7z_GPUbNoxSH_w4uhussvQtkTbMi_zWqSy4kYRaE16Q66fcrPIh1S-EfbBr01IzdPfacEcKwWGxIZ5epqwmNX_aa_Y62EN8xSGvC7Xa66OxgiALXhZM69-5Wn6ASUkmhY:1rAo3p:fSZLlYV5u07RqJrK238QhvFoIEX1X-20_yLcQJ7q_TM", "expire_date": "2023-12-20T09:19:17.453Z"}}, {"model": "sessions.session", "pk": "z5ynb37m5nzq4j7saawsbclf8reyzy8v", "fields": {"session_data": ".eJyrVkpOLCqJT0ksSYzPT8pSsqpW8svPSwXRJZklOUBGXmlOjo5SYWliHlCgEsYvKMpMBkoqKQGZmSkw0czcxHSoltraWgDXCx_8:1r7FbB:2uPbCKw5D7p0NIHWUafR5PWLX5cMwt37Tg20Rs-Hiio", "expire_date": "2023-12-10T13:55:01.505Z"}}, {"model": "taggit.tag", "pk": 1, "fields": {"name": "fresh fruit", "slug": "fresh-fruit"}}, {"model": "taggit.tag", "pk": 2, "fields": {"name": "mango", "slug": "mango"}}, {"model": "taggit.tag", "pk": 3, "fields": {"name": "fruits", "slug": "fruits"}}, {"model": "taggit.tag", "pk": 4, "fields": {"name": "coffee", "slug": "coffee"}}, {"model": "taggit.tag", "pk": 5, "fields": {"name": "fresh coffee", "slug": "fresh-coffee"}}, {"model": "taggit.tag", "pk": 6, "fields": {"name": "skin care", "slug": "skin-care"}}, {"model": "taggit.tag", "pk": 7, "fields": {"name": "skin routine", "slug": "skin-routine"}}, {"model": "taggit.tag", "pk": 8, "fields": {"name": "skin products", "slug": "skin-products"}}, {"model": "taggit.taggeditem", "pk": 1, "fields": {"tag": 1, "content_type": 14, "object_id": 4}}, {"model": "taggit.taggeditem", "pk": 2, "fields": {"tag": 2, "content_type": 14, "object_id": 4}}, {"model": "taggit.taggeditem", "pk": 3, "fields": {"tag": 3, "content_type": 14, "object_id": 4}}, {"model": "taggit.taggeditem", "pk": 4, "fields": {"tag": 1, "content_type": 14, "object_id": 3}}, {"model": "taggit.taggeditem", "pk": 5, "fields": {"tag": 2, "content_type": 14, "object_id": 3}}, {"model": "taggit.taggeditem", "pk": 6, "fields": {"tag": 3, "content_type": 14, "object_id": 3}}, {"model": "taggit.taggeditem", "pk": 7, "fields": {"tag": 4, "content_type": 14, "object_id": 2}}, {"model": "taggit.taggeditem", "pk": 8, "fields": {"tag": 5, "content_type": 14, "object_id": 2}}, {"model": "taggit.taggeditem", "pk": 9, "fields": {"tag": 8, "content_type": 14, "object_id": 1}}, {"model": "taggit.taggeditem", "pk": 10, "fields": {"tag": 6, "content_type": 14, "object_id": 1}}, {"model": "taggit.taggeditem", "pk": 11, "fields": {"tag": 7, "content_type": 14, "object_id": 1}}, {"model": "core.category", "pk": 3, "fields": {"cid": "cata2g563b43c", "title": "Milks and Dairies", "image": "category/category-6.jpg"}}, {"model": "core.category", "pk": 4, "fields": {"cid": "cata1e53gehf2", "title": "Clothing and Beauty", "image": "category/category-3.jpg"}}, {"model": "core.category", "pk": 5, "fields": {"cid": "catca1e6d6ade", "title": "Pet Foods and Toy", "image": "category/category-4.jpg"}}, {"model": "core.category", "pk": 6, "fields": {"cid": "catc11fd6e3fe", "title": "Baking material", "image": "category/category-5.jpg"}}, {"model": "core.category", "pk": 7, "fields": {"cid": "catgdfbhb5ffg", "title": "Fresh Fruit", "image": "category/category-7_2BLJrSu.jpg"}}, {"model": "core.category", "pk": 8, "fields": {"cid": "cat3dgag53adc", "title": "Wines and Drinks", "image": "category/category-2.jpg"}}, {"model": "core.category", "pk": 9, "fields": {"cid": "catbbe5e5gch4", "title": "Fresh Seafood", "image": "category/category-10.jpg"}}, {"model": "core.category", "pk": 10, "fields": {"cid": "catgeh431hd5a", "title": "Fast food", "image": "category/category-1_Syil5XK.jpg"}}, {"model": "core.category", "pk": 11, "fields": {"cid": "cat6ab5633da2", "title": "Vegetables", "image": "category/category-8.jpg"}}, {"model": "core.category", "pk": 12, "fields": {"cid": "cat5f225gc52g", "title": "Bread and Juice", "image": "category/category-9_AxT1b3O.jpg"}}, {"model": "core.vendor", "pk": 1, "fields": {"vid": "venbaf4g343e4", "user": 1, "title": "Mina's Shop", "image": "user_1/vendor-2.png", "cover_image": "user_1/vendor-header-bg.png", "description": "I'm the best vendor.", "address": "70 Ghaemi street Alborz Iran.", "contact": "09381424737", "chat_resp_time": "79", "shipping_on_time": "100", "authentic_rating": "100%", "days_return": "10 Days", "warranty_period": "10 Months", "date": "2023-09-28T10:19:52.410Z"}}, {"model": "core.vendor", "pk": 2, "fields": {"vid": "ven3d616hf5b1", "user": 9, "title": "Fati shop", "image": "user_9/vendor-7.png", "cover_image": "user_9/vendor-header-bg.png", "description": "this is fati shop.", "address": "80 sajedi street Alborz Iran", "contact": "(+98) 026 3274 3305", "chat_resp_time": "90", "shipping_on_time": "100", "authentic_rating": "100%", "days_return": "10 Days", "warranty_period": "10 Months", "date": "2023-09-28T10:28:17.163Z"}}, {"model": "core.product", "pk": 1, "fields": {"pid": "prdhac52hbd5a", "user": 1, "vendor": 1, "category": 4, "title": "Vitamin C face serum", "image": "user_1/product-8-1.jpg", "description": "This is the best vitamin C serum.", "price": "50.99", "old_price": "100.99", "specifications": "It has a pure vitamin C.", "type": "Organic", "stock_count": "10", "life": "100 Days", "mfd": "2023-10-08T11:36:04Z", "product_status": "published", "status": true, "in_stock": true, "featured": true, "digital": false, "sku": "sku1550", "date": "2023-09-23T12:17:24.593Z", "updated": "2023-09-23T12:17:17Z"}}, {"model": "core.product", "pk": 2, "fields": {"pid": "prdd1hde2ggeg", "user": 8, "vendor": 1, "category": 8, "title": "Fresh Coffee", "image": "user_8/product-9-1.jpg", "description": "This a very fresh coffee.", "price": "10.85", "old_price": "26.99", "specifications": "", "type": "Organic", "stock_count": "10", "life": "100 Days", "mfd": "2023-10-08T11:35:58Z", "product_status": "published", "status": true, "in_stock": true, "featured": true, "digital": false, "sku": "sku2691", "date": "2023-09-25T08:11:48.919Z", "updated": "2023-09-25T08:11:46Z"}}, {"model": "core.product", "pk": 3, "fields": {"pid": "prdh2h64d2he5", "user": 7, "vendor": 1, "category": 7, "title": "Peanut", "image": "user_7/product-2-1.jpg", "description": "This is a delicious peanut.", "price": "17.99", "old_price": "25.99", "specifications": "", "type": "Organic", "stock_count": "10", "life": "100 Days", "mfd": "2023-10-08T11:35:51Z", "product_status": "published", "status": true, "in_stock": true, "featured": true, "digital": false, "sku": "sku3536", "date": "2023-09-25T08:13:33.334Z", "updated": "2023-09-25T08:13:31Z"}}, {"model": "core.product", "pk": 4, "fields": {"pid": "prdha46hh5225", "user": 1, "vendor": 1, "category": 7, "title": "Fresh Mango", "image": "user_1/product-14-1.jpg", "description": "This is the fresh mango.", "price": "12.80", "old_price": "24.99", "specifications": "", "type": "Organic", "stock_count": "10", "life": "100 Days", "mfd": "2023-10-08T11:35:41Z", "product_status": "published", "status": true, "in_stock": false, "featured": false, "digital": false, "sku": "sku3853", "date": "2023-09-26T13:49:19.149Z", "updated": "2023-09-26T13:49:16Z"}}, {"model": "core.productimages", "pk": 1, "fields": {"image": "product-images/product-8-2.jpg", "product": 1, "date": "2023-09-23T12:23:47.634Z"}}, {"model": "core.productimages", "pk": 2, "fields": {"image": "product-images/product-7-2.jpg", "product": 1, "date": "2023-09-23T12:23:47.653Z"}}, {"model": "core.productimages", "pk": 3, "fields": {"image": "product-images/product-10-1.jpg", "product": 1, "date": "2023-09-23T12:23:47.654Z"}}, {"model": "core.productimages", "pk": 4, "fields": {"image": "product-images/product-10-2.jpg", "product": 1, "date": "2023-09-23T12:23:47.661Z"}}, {"model": "core.productimages", "pk": 5, "fields": {"image": "product-images/product-5-2.jpg", "product": 4, "date": "2023-09-26T13:49:53.538Z"}}, {"model": "core.productimages", "pk": 6, "fields": {"image": "product-images/product-4-1.jpg", "product": 4, "date": "2023-09-26T13:49:53.543Z"}}, {"model": "core.productimages", "pk": 7, "fields": {"image": "product-images/thumbnail-3.jpg", "product": 4, "date": "2023-09-26T13:49:53.559Z"}}, {"model": "core.productimages", "pk": 8, "fields": {"image": "product-images/product-2-2_hSJRwO5.jpg", "product": 3, "date": "2023-10-08T13:12:44.313Z"}}, {"model": "core.productimages", "pk": 9, "fields": {"image": "product-images/product-6-1.jpg", "product": 3, "date": "2023-10-08T13:12:44.317Z"}}, {"model": "core.productimages", "pk": 10, "fields": {"image": "product-images/product-4-1_kOTT5dx.jpg", "product": 3, "date": "2023-10-08T13:12:44.333Z"}}, {"model": "core.productimages", "pk": 11, "fields": {"image": "product-images/product-9-2.jpg", "product": 2, "date": "2023-11-15T07:38:51.033Z"}}, {"model": "core.cartorder", "pk": 2, "fields": {"user": 1, "price": "92.63", "paid_status": true, "order_date": "2023-12-19T10:06:23.689Z", "product_status": "delivered"}}, {"model": "core.cartorder", "pk": 3, "fields": {"user": 1, "price": "405.56", "paid_status": true, "order_date": "2023-12-19T10:07:51.782Z", "product_status": "shipped"}}, {"model": "core.cartorderitems", "pk": 60, "fields": {"order": 2, "invoice_no": "INVOICE_NO-2", "product_status": "", "item": "Vitamin C face serum", "image": "/media/user_1/product-8-1.jpg", "quantity": 1, "price": "50.99", "total": "50.99"}}, {"model": "core.cartorderitems", "pk": 61, "fields": {"order": 2, "invoice_no": "INVOICE_NO-2", "product_status": "", "item": "Fresh Coffee", "image": "/media/user_8/product-9-1.jpg", "quantity": 1, "price": "10.85", "total": "10.85"}}, {"model": "core.cartorderitems", "pk": 62, "fields": {"order": 2, "invoice_no": "INVOICE_NO-2", "product_status": "", "item": "Peanut", "image": "/media/user_7/product-2-1.jpg", "quantity": 1, "price": "17.99", "total": "17.99"}}, {"model": "core.cartorderitems", "pk": 63, "fields": {"order": 2, "invoice_no": "INVOICE_NO-2", "product_status": "", "item": "Fresh Mango", "image": "/media/user_1/product-14-1.jpg", "quantity": 1, "price": "12.80", "total": "12.80"}}, {"model": "core.cartorderitems", "pk": 64, "fields": {"order": 3, "invoice_no": "INVOICE_NO-3", "product_status": "", "item": "Vitamin C face serum", "image": "/media/user_1/product-8-1.jpg", "quantity": 4, "price": "50.99", "total": "203.96"}}, {"model": "core.cartorderitems", "pk": 65, "fields": {"order": 3, "invoice_no": "INVOICE_NO-3", "product_status": "", "item": "Fresh Coffee", "image": "/media/user_8/product-9-1.jpg", "quantity": 2, "price": "10.85", "total": "21.70"}}, {"model": "core.cartorderitems", "pk": 66, "fields": {"order": 3, "invoice_no": "INVOICE_NO-3", "product_status": "", "item": "Peanut", "image": "/media/user_7/product-2-1.jpg", "quantity": 10, "price": "17.99", "total": "179.90"}}, {"model": "core.productreview", "pk": 219, "fields": {"product": 3, "user": 1, "review": "hello", "rating": 1, "date": "2023-11-13T09:00:35.258Z"}}, {"model": "core.productreview", "pk": 220, "fields": {"product": 1, "user": 1, "review": "hello", "rating": 1, "date": "2023-11-19T12:27:28.608Z"}}, {"model": "core.productreview", "pk": 221, "fields": {"product": 2, "user": 1, "review": "oo", "rating": 1, "date": "2023-11-19T12:49:53.472Z"}}, {"model": "core.productreview", "pk": 222, "fields": {"product": 1, "user": 1, "review": "goodbye", "rating": 5, "date": "2023-11-20T10:57:09.313Z"}}, {"model": "core.productreview", "pk": 223, "fields": {"product": 2, "user": 1, "review": "hello", "rating": 3, "date": "2023-12-19T07:14:52.171Z"}}, {"model": "core.wishlist", "pk": 30, "fields": {"user": 1, "product": 1, "date": "2024-02-14T11:58:07.298Z"}}, {"model": "core.wishlist", "pk": 31, "fields": {"user": 1, "product": 2, "date": "2024-02-14T11:58:08.150Z"}}, {"model": "core.wishlist", "pk": 32, "fields": {"user": 1, "product": 3, "date": "2024-02-14T11:58:08.979Z"}}, {"model": "core.address", "pk": 1, "fields": {"user": 1, "mobile": "09386814737", "address": "70 Ghaemi street Alborz Iran.", "status": false}}, {"model": "core.address", "pk": 2, "fields": {"user": 1, "mobile": "09381424737", "address": "80 sajedi street Alborz Iran", "status": false}}, {"model": "core.address", "pk": 3, "fields": {"user": 1, "mobile": "09109336987", "address": "252 Canada USA", "status": true}}, {"model": "userauths.user", "pk": 1, "fields": {"password": "pbkdf2_sha256$600000$GcZKvsBaZM39ZjhaUsCOSk$tRupr+YL+FuKG7cKO0lyrhhDpabdkZCIHdare6jKcyk=", "last_login": "2024-02-29T09:27:54.220Z", "is_superuser": true, "first_name": "", "last_name": "", "is_staff": true, "is_active": true, "date_joined": "2023-09-18T09:28:58Z", "email": "mina@gmail.com", "username": "mina", "phone": "09386814737", "groups": [], "user_permissions": []}}, {"model": "userauths.user", "pk": 7, "fields": {"password": "pbkdf2_sha256$600000$gtAnwbdyZay4X81psiBpaC$f87jHMbqX7XWSXGN19j+voFitHHlFDE9mb2lseMR6Rw=", "last_login": "2023-09-21T12:43:07.203Z", "is_superuser": false, "first_name": "", "last_name": "", "is_staff": false, "is_active": true, "date_joined": "2023-09-19T14:49:22.001Z", "email": "bita@gmail.com", "username": "bita", "phone": "09021590592", "groups": [], "user_permissions": []}}, {"model": "userauths.user", "pk": 8, "fields": {"password": "pbkdf2_sha256$600000$ucImZludnvNhLXh3OOsh69$jl1Q62gx52vOSx2tas0jjcDIpxKGwSrMLYg4FYRAN8U=", "last_login": "2023-09-20T11:13:02.458Z", "is_superuser": false, "first_name": "", "last_name": "", "is_staff": false, "is_active": true, "date_joined": "2023-09-20T11:13:01.077Z", "email": "hossein@gmail.com", "username": "hossein", "phone": "09381424737", "groups": [], "user_permissions": []}}, {"model": "userauths.user", "pk": 9, "fields": {"password": "pbkdf2_sha256$600000$4v4C6AoiDQdZnRJ4MhFdpU$R6uNAR/bMKPuwUoxxWOu2KZDntNiTvFoPdaUxIoL6tg=", "last_login": "2023-09-20T12:34:50.127Z", "is_superuser": false, "first_name": "", "last_name": "", "is_staff": false, "is_active": true, "date_joined": "2023-09-20T12:34:49.030Z", "email": "fatemeh@gmail.com", "username": "fatemeh", "phone": "09109336987", "groups": [], "user_permissions": []}}, {"model": "userauths.user", "pk": 10, "fields": {"password": "pbkdf2_sha256$600000$QrRfLds4tpIk77QUSY0Dzm$h1cA0UVworxGynHKS3XUVq8EOhOCshQS00XDKiIEW2Y=", "last_login": "2023-10-30T13:49:27.905Z", "is_superuser": false, "first_name": "", "last_name": "", "is_staff": false, "is_active": true, "date_joined": "2023-10-30T13:49:24.934Z", "email": "pari@gmail.com", "username": "pari", "phone": "09361974353", "groups": [], "user_permissions": []}}, {"model": "userauths.user", "pk": 11, "fields": {"password": "pbkdf2_sha256$600000$wWRUuz0UWTx4Ckj7DqkjW3$prgDHV+8npVqCaVFG36nLfCoZRGAVNdf6Q0CPNV8tTg=", "last_login": "2023-11-06T10:20:04.353Z", "is_superuser": false, "first_name": "", "last_name": "", "is_staff": false, "is_active": true, "date_joined": "2023-11-06T10:19:27.326Z", "email": "mahi@gmail.com", "username": "mahi", "phone": "09021590597", "groups": [], "user_permissions": []}}, {"model": "userauths.user", "pk": 12, "fields": {"password": "pbkdf2_sha256$600000$V7kNxYo66cPA0xK1B6nt07$M3VSXJIoMLqmsd3GjCiwkKITLwIAXLuHlho9MeSRRas=", "last_login": "2023-12-19T12:30:37.042Z", "is_superuser": false, "first_name": "", "last_name": "", "is_staff": false, "is_active": true, "date_joined": "2023-12-19T12:30:35.918Z", "email": "nidaxu@mailinator.com", "username": "docikuv", "phone": "12345678945", "groups": [], "user_permissions": []}}, {"model": "userauths.user", "pk": 13, "fields": {"password": "pbkdf2_sha256$600000$NKB27ILy9Fb6HQAPsETBev$sCqHZoj5snWwlCutNIi/kFtEEBa0sHx9AsxYKJSBD9c=", "last_login": "2023-12-19T12:34:25.165Z", "is_superuser": false, "first_name": "", "last_name": "", "is_staff": false, "is_active": true, "date_joined": "2023-12-19T12:34:24.065Z", "email": "dasetiwyp@mailinator.com", "username": "momuhowa", "phone": "11111111111", "groups": [], "user_permissions": []}}, {"model": "userauths.user", "pk": 14, "fields": {"password": "pbkdf2_sha256$600000$gDpG4e0dFPIXMI3sjK5oTe$Qd6zZ55HiTE0x/yio3GUL0Nd4xoCoWobMcckflCl1Nw=", "last_login": "2023-12-19T12:38:00.932Z", "is_superuser": false, "first_name": "", "last_name": "", "is_staff": false, "is_active": true, "date_joined": "2023-12-19T12:37:59.870Z", "email": "zoxigi@mailinator.com", "username": "mihusovy", "phone": "12345678952", "groups": [], "user_permissions": []}}, {"model": "userauths.user", "pk": 15, "fields": {"password": "456123Nana", "last_login": "2023-12-20T11:17:11.598Z", "is_superuser": false, "first_name": "", "last_name": "", "is_staff": false, "is_active": true, "date_joined": "2023-12-20T11:17:10.597Z", "email": "homina3333@gmail.com", "username": "zukunava", "phone": "78965412302", "groups": [], "user_permissions": []}}, {"model": "userauths.user", "pk": 16, "fields": {"password": "pbkdf2_sha256$600000$GcZKvsBaZM39ZjhaUsCOSk$tRupr+YL+FuKG7cKO0lyrhhDpabdkZCIHdare6jKcyk=", "last_login": "2024-02-20T05:49:43.869Z", "is_superuser": false, "first_name": "", "last_name": "", "is_staff": true, "is_active": true, "date_joined": "2024-02-19T12:46:44.053Z", "email": "hominhomin@gmail.com", "username": "hominhomin", "phone": "09123456789", "groups": [], "user_permissions": []}}, {"model": "userauths.user", "pk": 17, "fields": {"password": "pbkdf2_sha256$600000$hyjQ4GW0gltU9c7WvqCoLs$aZglNB11HkMsOwaXJDLJmP5vUAMIDJPjFErL3PNgMY8=", "last_login": "2024-02-20T07:03:19.583Z", "is_superuser": false, "first_name": "", "last_name": "", "is_staff": false, "is_active": true, "date_joined": "2024-02-20T07:03:18.475Z", "email": "nani@gmail.com", "username": "nani", "phone": "09213456789", "groups": [], "user_permissions": []}}, {"model": "userauths.profile", "pk": 3, "fields": {"user": 1, "full_name": "Mina Jalili", "display_name": "Hominaa", "bio": "Backend developer", "image": "profile_pictures/blog-3_y5uHPps.png", "verified": false, "is_vendor": false}}, {"model": "userauths.profile", "pk": 4, "fields": {"user": 15, "full_name": "Homina", "display_name": "mini mina", "bio": "nothin", "image": "profile_pictures/author-4_j186pVd.png", "verified": true, "is_vendor": true}}, {"model": "userauths.contactus", "pk": 1, "fields": {"full_name": "Pandora Chambers", "email": "fogejuq@mailinator.com", "phone": "+1 (471) 587-2948", "subject": "Recusandae Molestia", "message": "Animi soluta do vit"}}, {"model": "userauths.contactus", "pk": 2, "fields": {"full_name": "Dorothy Sanford", "email": "fopiluceq@mailinator.com", "phone": "+1 (173) 147-3257", "subject": "", "message": "Rerum inventore ad v"}}, {"model": "userauths.contactus", "pk": 3, "fields": {"full_name": "Maris Berg", "email": "gatuwafa@mailinator.com", "phone": "", "subject": "Do voluptas reprehen", "message": "Non quis quibusdam r"}}]